rang,joueur,nationalite,position,equipe,age,annee_naissance,matchs,titularisations,minutes,minutes_90,buts,passes_decisives,buts_passes_decisives,buts_hors_penaltys,penaltys_marques,penaltys_tentes,cartons_jaunes,cartons_rouges,xg,npxg,xa,npxg_xa,progressions_balle,passes_progressives,passes_progressives_recues,buts_90,passes_decisives_90,buts_passes_decisives_90,buts_hors_penaltys_90,buts_passes_decisives_penaltys_90,xg_90,xa_90,xg_xa_90,npxg_90,npxg_xa_90
1.0,Max Aarons,ENG,DF,Bournemouth,25.0,2000,3.0,1.0,86.0,1.0,0.0,0.0,0.0,0.0,0.0,0.0,0.0,0.0,0.0,0.0,0.0,0.0,1.0,8.0,3.0,0.0,0.0,0.0,0.0,0.0,0.0,0.0,0.0,0.0,0.0
2.0,Joshua Acheampong,ENG,DF,Chelsea,18.0,2006,4.0,2.0,170.0,1.9,0.0,0.0,0.0,0.0,0.0,0.0,1.0,0.0,0.2,0.2,0.0,0.2,0.0,8.0,0.0,0.0,0.0,0.0,0.0,0.0,0.12,0.0,0.12,0.12,0.12
3.0,Tyler Adams,USA,MT,Bournemouth,26.0,1999,19.0,13.0,1245.0,13.8,0.0,3.0,3.0,0.0,0.0,0.0,4.0,0.0,1.2,1.2,0.8,1.9,8.0,46.0,6.0,0.0,0.22,0.22,0.0,0.22,0.08,0.06,0.14,0.08,0.14
4.0,Tosin Adarabioyo,ENG,DF,Chelsea,27.0,1997,16.0,11.0,1091.0,12.1,1.0,1.0,2.0,1.0,0.0,0.0,2.0,0.0,0.9,0.9,0.2,1.1,5.0,30.0,1.0,0.08,0.08,0.16,0.08,0.16,0.07,0.02,0.09,0.07,0.09
5.0,Simon Adingra,CIV,"AT,MT",Brighton,23.0,2002,20.0,6.0,625.0,6.9,2.0,1.0,3.0,2.0,0.0,0.0,0.0,0.0,1.5,1.5,1.1,2.6,23.0,10.0,81.0,0.29,0.14,0.43,0.29,0.43,0.22,0.16,0.37,0.22,0.37
6.0,Emmanuel Agbadou,CIV,DF,Wolves,27.0,1997,7.0,7.0,600.0,6.7,0.0,0.0,0.0,0.0,0.0,0.0,2.0,0.0,0.0,0.0,0.0,0.0,1.0,15.0,0.0,0.0,0.0,0.0,0.0,0.0,0.0,0.0,0.0,0.0,0.0
7.0,Asher Agbinone,ENG,MT,Crystal Palace,19.0,2005,2.0,0.0,6.0,0.1,0.0,0.0,0.0,0.0,0.0,0.0,0.0,0.0,0.0,0.0,0.0,0.1,2.0,0.0,1.0,0.0,0.0,0.0,0.0,0.0,0.29,0.5,0.79,0.29,0.79
8.0,Ola Aina,NGA,DF,Nott'ham Forest,28.0,1996,29.0,29.0,2531.0,28.1,2.0,1.0,3.0,2.0,0.0,0.0,2.0,0.0,0.6,0.6,0.7,1.3,54.0,91.0,52.0,0.07,0.04,0.11,0.07,0.11,0.02,0.03,0.05,0.02,0.05
9.0,Rayan Aït-Nouri,ALG,DF,Wolves,23.0,2001,28.0,28.0,2381.0,26.5,3.0,5.0,8.0,3.0,0.0,0.0,6.0,1.0,1.9,1.9,2.6,4.5,63.0,91.0,138.0,0.11,0.19,0.3,0.11,0.3,0.07,0.1,0.17,0.07,0.17
10.0,Kristoffer Ajer,NOR,DF,Brentford,26.0,1998,16.0,15.0,1205.0,13.4,0.0,0.0,0.0,0.0,0.0,0.0,4.0,0.0,0.7,0.7,1.2,1.9,25.0,48.0,38.0,0.0,0.0,0.0,0.0,0.0,0.05,0.09,0.14,0.05,0.14
11.0,Manuel Akanji,SUI,DF,Manchester City,29.0,1995,20.0,20.0,1707.0,19.0,0.0,0.0,0.0,0.0,0.0,0.0,3.0,0.0,0.7,0.7,0.4,1.1,38.0,135.0,6.0,0.0,0.0,0.0,0.0,0.0,0.04,0.02,0.06,0.04,0.06
12.0,Nathan Aké,NED,DF,Manchester City,30.0,1995,10.0,8.0,678.0,7.5,0.0,0.0,0.0,0.0,0.0,0.0,0.0,0.0,0.2,0.2,0.0,0.2,12.0,50.0,2.0,0.0,0.0,0.0,0.0,0.0,0.03,0.0,0.03,0.03,0.03
13.0,Carlos Alcaraz,ARG,"MT,AT",Everton,22.0,2002,6.0,3.0,317.0,3.5,1.0,1.0,2.0,1.0,0.0,0.0,2.0,0.0,0.9,0.9,1.1,2.0,8.0,17.0,8.0,0.28,0.28,0.57,0.28,0.57,0.25,0.32,0.57,0.25,0.57
14.0,Carlos Alcaraz,ARG,MT,Southampton,22.0,2002,1.0,0.0,10.0,0.1,0.0,0.0,0.0,0.0,0.0,0.0,0.0,0.0,0.1,0.1,0.1,0.2,4.0,6.0,1.0,0.0,0.0,0.0,0.0,0.0,0.62,0.86,1.48,0.62,1.48
15.0,Trent Alexander-Arnold,ENG,DF,Liverpool,26.0,1998,28.0,26.0,2145.0,23.8,2.0,6.0,8.0,2.0,0.0,0.0,4.0,0.0,1.6,1.6,6.7,8.3,48.0,204.0,87.0,0.08,0.25,0.34,0.08,0.34,0.07,0.28,0.35,0.07,0.35
16.0,Alisson,BRA,GB,Liverpool,32.0,1992,21.0,21.0,1878.0,20.9,0.0,0.0,0.0,0.0,0.0,0.0,0.0,0.0,0.0,0.0,0.6,0.6,0.0,0.0,0.0,0.0,0.0,0.0,0.0,0.0,0.0,0.03,0.03,0.0,0.03
17.0,Miguel Almirón,PAR,AT,Newcastle Utd,31.0,1994,9.0,1.0,157.0,1.7,0.0,0.0,0.0,0.0,0.0,0.0,0.0,0.0,0.5,0.5,0.3,0.8,3.0,6.0,18.0,0.0,0.0,0.0,0.0,0.0,0.3,0.15,0.45,0.3,0.45
18.0,Edson Álvarez,MEX,MT,West Ham,27.0,1997,23.0,18.0,1535.0,17.1,0.0,1.0,1.0,0.0,0.0,0.0,8.0,1.0,0.3,0.3,0.8,1.1,20.0,68.0,18.0,0.0,0.06,0.06,0.0,0.06,0.02,0.05,0.07,0.02,0.07
19.0,Will Alves,ENG,AT,Leicester City,20.0,2005,1.0,0.0,1.0,0.0,0.0,0.0,0.0,0.0,0.0,0.0,0.0,0.0,0.0,0.0,0.0,0.0,0.0,0.0,1.0,0.0,0.0,0.0,0.0,0.0,0.0,0.0,0.0,0.0,0.0
20.0,Harry Amass,ENG,DF,Manchester Utd,18.0,2007,1.0,0.0,22.0,0.2,0.0,0.0,0.0,0.0,0.0,0.0,0.0,0.0,0.0,0.0,0.0,0.0,0.0,1.0,1.0,0.0,0.0,0.0,0.0,0.0,0.0,0.0,0.0,0.0,0.0
21.0,Samuel Amo-Ameyaw,ENG,"AT,DF",Southampton,18.0,2006,2.0,0.0,28.0,0.3,0.0,0.0,0.0,0.0,0.0,0.0,1.0,0.0,0.0,0.0,0.1,0.1,1.0,0.0,3.0,0.0,0.0,0.0,0.0,0.0,0.07,0.22,0.29,0.07,0.29
22.0,Mathis Amougou,FRA,MT,Chelsea,19.0,2006,1.0,0.0,8.0,0.1,0.0,0.0,0.0,0.0,0.0,0.0,0.0,0.0,0.0,0.0,0.0,0.0,0.0,1.0,0.0,0.0,0.0,0.0,0.0,0.0,0.0,0.0,0.0,0.0,0.0
23.0,Joachim Andersen,DEN,DF,Fulham,28.0,1996,20.0,20.0,1773.0,19.7,0.0,0.0,0.0,0.0,0.0,0.0,4.0,1.0,0.4,0.4,0.3,0.8,11.0,91.0,1.0,0.0,0.0,0.0,0.0,0.0,0.02,0.02,0.04,0.02,0.04
24.0,Joachim Andersen,DEN,DF,Crystal Palace,28.0,1996,1.0,1.0,90.0,1.0,0.0,0.0,0.0,0.0,0.0,0.0,1.0,0.0,0.0,0.0,0.0,0.0,1.0,4.0,1.0,0.0,0.0,0.0,0.0,0.0,0.04,0.0,0.04,0.04,0.04
25.0,Elliot Anderson,ENG,MT,Nott'ham Forest,22.0,2002,28.0,24.0,1982.0,22.0,1.0,6.0,7.0,1.0,0.0,0.0,6.0,0.0,1.4,1.4,3.0,4.3,35.0,104.0,68.0,0.05,0.27,0.32,0.05,0.32,0.06,0.14,0.2,0.06,0.2
26.0,André,BRA,MT,Wolves,23.0,2001,24.0,22.0,1747.0,19.4,0.0,0.0,0.0,0.0,0.0,0.0,4.0,0.0,0.2,0.2,0.6,0.8,7.0,75.0,10.0,0.0,0.0,0.0,0.0,0.0,0.01,0.03,0.04,0.01,0.04
27.0,Michail Antonio,JAM,AT,West Ham,35.0,1990,14.0,11.0,836.0,9.3,1.0,1.0,2.0,1.0,0.0,0.0,1.0,0.0,2.2,2.2,1.6,3.8,29.0,18.0,59.0,0.11,0.11,0.22,0.11,0.22,0.24,0.17,0.41,0.24,0.41
28.0,Antony,BRA,"DF,MT",Manchester Utd,25.0,2000,8.0,0.0,141.0,1.6,0.0,0.0,0.0,0.0,0.0,0.0,0.0,0.0,1.0,1.0,0.1,1.1,5.0,6.0,7.0,0.0,0.0,0.0,0.0,0.0,0.65,0.08,0.73,0.65,0.73
29.0,Julian Araujo,MEX,DF,Bournemouth,23.0,2001,8.0,5.0,355.0,3.9,0.0,0.0,0.0,0.0,0.0,0.0,1.0,0.0,0.0,0.0,0.0,0.0,2.0,14.0,11.0,0.0,0.0,0.0,0.0,0.0,0.0,0.0,0.0,0.0,0.0
30.0,Cameron Archer,ENG,AT,Southampton,23.0,2001,26.0,11.0,1181.0,13.1,2.0,0.0,2.0,2.0,0.0,1.0,0.0,0.0,4.9,4.1,0.3,4.4,16.0,12.0,55.0,0.15,0.0,0.15,0.15,0.15,0.37,0.03,0.4,0.31,0.34
31.0,Alphonse Areola,FRA,GB,West Ham,32.0,1993,18.0,17.0,1540.0,17.1,0.0,0.0,0.0,0.0,0.0,0.0,0.0,0.0,0.0,0.0,0.0,0.0,0.0,0.0,0.0,0.0,0.0,0.0,0.0,0.0,0.0,0.0,0.0,0.0,0.0
32.0,Joe Aribo,NGA,"MT,DF",Southampton,28.0,1996,28.0,19.0,1826.0,20.3,3.0,0.0,3.0,3.0,0.0,0.0,1.0,0.0,2.7,2.7,1.6,4.2,34.0,69.0,62.0,0.15,0.0,0.15,0.15,0.15,0.13,0.08,0.21,0.13,0.21
33.0,Adam Armstrong,ENG,"AT,MT",Southampton,28.0,1997,20.0,15.0,1248.0,13.9,2.0,2.0,4.0,2.0,0.0,1.0,4.0,0.0,3.3,2.3,1.2,3.5,25.0,21.0,79.0,0.14,0.14,0.29,0.14,0.29,0.24,0.09,0.32,0.17,0.25
34.0,Harrison Armstrong,ENG,MT,Everton,18.0,2007,3.0,0.0,48.0,0.5,0.0,0.0,0.0,0.0,0.0,0.0,1.0,0.0,0.4,0.4,0.1,0.4,1.0,1.0,0.0,0.0,0.0,0.0,0.0,0.0,0.69,0.14,0.82,0.69,0.82
35.0,Kepa Arrizabalaga,ESP,GB,Bournemouth,30.0,1994,22.0,22.0,1980.0,22.0,0.0,0.0,0.0,0.0,0.0,0.0,3.0,0.0,0.1,0.1,0.0,0.1,0.0,0.0,0.0,0.0,0.0,0.0,0.0,0.0,0.0,0.0,0.0,0.0,0.0
36.0,Marco Asensio,ESP,"MT,AT",Aston Villa,29.0,1996,4.0,2.0,207.0,2.3,2.0,0.0,2.0,2.0,0.0,0.0,0.0,0.0,1.4,1.4,0.2,1.6,10.0,16.0,7.0,0.87,0.0,0.87,0.87,0.87,0.62,0.09,0.71,0.62,0.71
37.0,Brandon Austin,ENG,GB,Tottenham,26.0,1999,1.0,1.0,90.0,1.0,0.0,0.0,0.0,0.0,0.0,0.0,0.0,0.0,0.0,0.0,0.0,0.0,0.0,0.0,0.0,0.0,0.0,0.0,0.0,0.0,0.0,0.0,0.0,0.0,0.0
38.0,Taiwo Awoniyi,NGA,AT,Nott'ham Forest,27.0,1997,22.0,2.0,278.0,3.1,1.0,0.0,1.0,1.0,0.0,0.0,0.0,0.0,2.0,2.0,0.1,2.1,5.0,6.0,15.0,0.32,0.0,0.32,0.32,0.32,0.65,0.03,0.68,0.65,0.68
39.0,Yasin Ayari,SWE,MT,Brighton,21.0,2003,25.0,16.0,1443.0,16.0,0.0,1.0,1.0,0.0,0.0,0.0,3.0,0.0,1.5,1.5,2.1,3.6,20.0,53.0,53.0,0.0,0.06,0.06,0.0,0.06,0.09,0.13,0.22,0.09,0.22
40.0,Jordan Ayew,GHA,"AT,MT",Leicester City,33.0,1991,24.0,15.0,1299.0,14.4,4.0,0.0,4.0,3.0,1.0,1.0,5.0,0.0,2.8,2.0,0.8,2.8,38.0,31.0,67.0,0.28,0.0,0.28,0.21,0.21,0.2,0.05,0.25,0.14,0.2
41.0,Jordan Ayew,GHA,"AT,MT",Crystal Palace,33.0,1991,1.0,0.0,21.0,0.2,0.0,0.0,0.0,0.0,0.0,0.0,1.0,0.0,0.5,0.5,0.0,0.5,0.0,0.0,1.0,0.0,0.0,0.0,0.0,0.0,1.96,0.21,2.17,1.96,2.17
42.0,Benoît Badiashile,FRA,DF,Chelsea,24.0,2001,5.0,3.0,334.0,3.7,0.0,0.0,0.0,0.0,0.0,0.0,0.0,0.0,0.0,0.0,0.0,0.0,3.0,17.0,2.0,0.0,0.0,0.0,0.0,0.0,0.0,0.0,0.0,0.0,0.0
43.0,Leon Bailey,JAM,"AT,MT",Aston Villa,27.0,1997,23.0,14.0,1138.0,12.6,1.0,2.0,3.0,1.0,0.0,0.0,3.0,0.0,1.7,1.7,1.5,3.3,57.0,35.0,121.0,0.08,0.16,0.24,0.08,0.24,0.14,0.12,0.26,0.14,0.26
44.0,Carlos Baleba,CMR,MT,Brighton,21.0,2004,25.0,23.0,1948.0,21.6,2.0,1.0,3.0,2.0,0.0,0.0,8.0,1.0,2.9,2.9,1.1,4.0,33.0,95.0,25.0,0.09,0.05,0.14,0.09,0.14,0.13,0.05,0.18,0.13,0.18
45.0,Ross Barkley,ENG,MT,Aston Villa,31.0,1993,16.0,3.0,554.0,6.2,3.0,1.0,4.0,3.0,0.0,0.0,3.0,0.0,1.7,1.7,0.6,2.3,14.0,32.0,8.0,0.49,0.16,0.65,0.49,0.65,0.27,0.09,0.37,0.27,0.37
46.0,Harvey Barnes,ENG,AT,Newcastle Utd,27.0,1997,23.0,7.0,903.0,10.0,5.0,2.0,7.0,5.0,0.0,0.0,0.0,0.0,3.4,3.4,2.9,6.4,48.0,45.0,94.0,0.5,0.2,0.7,0.5,0.7,0.34,0.29,0.63,0.34,0.63
47.0,Calvin Bassey,NGA,DF,Fulham,25.0,1999,28.0,27.0,2444.0,27.2,1.0,0.0,1.0,1.0,0.0,0.0,5.0,0.0,1.0,1.0,0.1,1.1,22.0,89.0,11.0,0.04,0.0,0.04,0.04,0.04,0.04,0.0,0.04,0.04,0.04
48.0,Jan Bednarek,POL,DF,Southampton,28.0,1996,23.0,23.0,1901.0,21.1,2.0,0.0,2.0,2.0,0.0,0.0,5.0,0.0,0.7,0.7,0.5,1.1,4.0,51.0,1.0,0.09,0.0,0.09,0.09,0.09,0.03,0.02,0.05,0.03,0.05
49.0,Armel Bella Kotchap,GER,DF,Southampton,23.0,2001,4.0,2.0,331.0,3.7,0.0,0.0,0.0,0.0,0.0,0.0,0.0,0.0,0.3,0.3,0.0,0.3,0.0,5.0,0.0,0.0,0.0,0.0,0.0,0.0,0.09,0.0,0.09,0.09,0.09
50.0,Jean-Ricner Bellegarde,FRA,"MT,AT",Wolves,26.0,1998,27.0,15.0,1285.0,14.3,2.0,6.0,8.0,2.0,0.0,0.0,3.0,0.0,1.2,1.2,3.2,4.4,36.0,32.0,70.0,0.14,0.42,0.56,0.14,0.56,0.08,0.23,0.31,0.08,0.31
51.0,Rodrigo Bentancur,URU,MT,Tottenham,27.0,1997,19.0,16.0,1246.0,13.8,2.0,0.0,2.0,2.0,0.0,0.0,7.0,0.0,1.3,1.3,0.4,1.7,19.0,80.0,24.0,0.14,0.0,0.14,0.14,0.14,0.1,0.03,0.13,0.1,0.13
52.0,Sander Berge,NOR,MT,Fulham,27.0,1998,22.0,18.0,1644.0,18.3,0.0,0.0,0.0,0.0,0.0,0.0,4.0,0.0,0.2,0.2,0.6,0.7,16.0,87.0,6.0,0.0,0.0,0.0,0.0,0.0,0.01,0.03,0.04,0.01,0.04
53.0,Lucas Bergvall,SWE,MT,Tottenham,19.0,2006,22.0,8.0,934.0,10.4,0.0,1.0,1.0,0.0,0.0,0.0,3.0,0.0,0.5,0.5,0.4,1.0,24.0,42.0,23.0,0.0,0.1,0.1,0.0,0.1,0.05,0.04,0.09,0.05,0.09
54.0,Victor Bernth Kristiansen,DEN,DF,Leicester City,22.0,2002,26.0,26.0,2276.0,25.3,0.0,1.0,1.0,0.0,0.0,0.0,1.0,0.0,0.3,0.3,1.3,1.7,38.0,65.0,70.0,0.0,0.04,0.04,0.0,0.04,0.01,0.05,0.07,0.01,0.07
55.0,Beto,GNB,AT,Everton,27.0,1998,21.0,8.0,932.0,10.4,6.0,0.0,6.0,6.0,0.0,0.0,1.0,0.0,5.5,5.5,0.7,6.1,10.0,7.0,50.0,0.58,0.0,0.58,0.58,0.58,0.53,0.06,0.59,0.53,0.59
56.0,Philip Billing,DEN,MT,Bournemouth,28.0,1996,10.0,1.0,184.0,2.0,0.0,0.0,0.0,0.0,0.0,0.0,1.0,0.0,0.6,0.6,1.1,1.7,3.0,15.0,13.0,0.0,0.0,0.0,0.0,0.0,0.28,0.54,0.82,0.28,0.82
57.0,Yves Bissouma,MLI,MT,Tottenham,28.0,1996,22.0,14.0,1145.0,12.7,2.0,0.0,2.0,2.0,0.0,0.0,6.0,0.0,0.6,0.6,0.2,0.8,15.0,68.0,3.0,0.16,0.0,0.16,0.16,0.16,0.04,0.02,0.06,0.04,0.06
58.0,Lamare Bogarde,NED,"DF,MT",Aston Villa,21.0,2004,8.0,5.0,476.0,5.3,0.0,0.0,0.0,0.0,0.0,0.0,2.0,0.0,0.0,0.0,0.1,0.2,12.0,14.0,9.0,0.0,0.0,0.0,0.0,0.0,0.01,0.02,0.03,0.01,0.03
59.0,Willy Boly,CIV,DF,Nott'ham Forest,34.0,1991,5.0,1.0,134.0,1.5,0.0,0.0,0.0,0.0,0.0,0.0,1.0,0.0,0.1,0.1,0.0,0.1,0.0,2.0,0.0,0.0,0.0,0.0,0.0,0.0,0.05,0.0,0.05,0.05,0.05
60.0,Sven Botman,NED,DF,Newcastle Utd,25.0,2000,3.0,3.0,224.0,2.5,0.0,0.0,0.0,0.0,0.0,0.0,1.0,0.0,0.0,0.0,0.0,0.0,0.0,3.0,0.0,0.0,0.0,0.0,0.0,0.0,0.01,0.0,0.01,0.01,0.01
61.0,Jarrod Bowen,ENG,"AT,MT",West Ham,28.0,1996,25.0,25.0,2186.0,24.3,7.0,5.0,12.0,6.0,1.0,1.0,1.0,0.0,6.3,5.5,5.0,10.5,83.0,76.0,149.0,0.29,0.21,0.49,0.25,0.45,0.26,0.2,0.46,0.23,0.43
62.0,Conor Bradley,NIR,DF,Liverpool,21.0,2003,12.0,2.0,372.0,4.1,0.0,0.0,0.0,0.0,0.0,0.0,2.0,0.0,0.5,0.5,0.0,0.5,17.0,17.0,18.0,0.0,0.0,0.0,0.0,0.0,0.12,0.0,0.12,0.12,0.12
63.0,Jarrad Branthwaite,ENG,DF,Everton,22.0,2002,22.0,20.0,1808.0,20.1,0.0,1.0,1.0,0.0,0.0,0.0,3.0,0.0,0.8,0.8,0.6,1.3,8.0,46.0,1.0,0.0,0.05,0.05,0.0,0.05,0.04,0.03,0.07,0.04,0.07
64.0,James Bree,ENG,DF,Southampton,27.0,1997,14.0,11.0,890.0,9.9,0.0,1.0,1.0,0.0,0.0,0.0,0.0,0.0,0.1,0.1,0.9,1.0,9.0,30.0,34.0,0.0,0.1,0.1,0.0,0.1,0.01,0.09,0.1,0.01,0.1
65.0,Ben Brereton,CHI,AT,Southampton,25.0,1999,10.0,4.0,449.0,5.0,0.0,0.0,0.0,0.0,0.0,0.0,1.0,0.0,0.9,0.9,0.1,1.0,12.0,9.0,42.0,0.0,0.0,0.0,0.0,0.0,0.18,0.02,0.2,0.18,0.2
66.0,Nathan Broadhead,WAL,"AT,MT",Ipswich Town,26.0,1998,13.0,4.0,455.0,5.1,0.0,0.0,0.0,0.0,0.0,0.0,1.0,0.0,1.1,1.1,0.5,1.6,14.0,10.0,20.0,0.0,0.0,0.0,0.0,0.0,0.21,0.11,0.32,0.21,0.32
67.0,Armando Broja,ALB,AT,Everton,23.0,2001,6.0,2.0,171.0,1.9,0.0,0.0,0.0,0.0,0.0,0.0,1.0,0.0,0.1,0.1,0.1,0.2,9.0,2.0,17.0,0.0,0.0,0.0,0.0,0.0,0.06,0.06,0.12,0.06,0.12
68.0,David Brooks,WAL,AT,Bournemouth,27.0,1997,22.0,8.0,736.0,8.2,2.0,0.0,2.0,2.0,0.0,0.0,3.0,0.0,2.2,2.2,1.6,3.8,25.0,18.0,65.0,0.24,0.0,0.24,0.24,0.24,0.26,0.2,0.46,0.26,0.46
69.0,Emi Buendía,ARG,"MT,AT",Aston Villa,28.0,1996,12.0,0.0,98.0,1.1,0.0,0.0,0.0,0.0,0.0,0.0,1.0,0.0,0.7,0.7,0.0,0.7,3.0,7.0,6.0,0.0,0.0,0.0,0.0,0.0,0.6,0.02,0.62,0.6,0.62
70.0,Santiago Bueno,URU,DF,Wolves,26.0,1998,22.0,17.0,1524.0,16.9,0.0,0.0,0.0,0.0,0.0,0.0,2.0,0.0,0.4,0.4,0.0,0.4,1.0,27.0,1.0,0.0,0.0,0.0,0.0,0.0,0.03,0.0,0.03,0.03,0.03
71.0,Facundo Buonanotte,ARG,"AT,MT",Leicester City,20.0,2004,25.0,13.0,1323.0,14.7,4.0,2.0,6.0,4.0,0.0,0.0,7.0,0.0,3.5,3.5,2.8,6.4,37.0,47.0,62.0,0.27,0.14,0.41,0.27,0.41,0.24,0.19,0.43,0.24,0.43
72.0,Cameron Burgess,AUS,DF,Ipswich Town,29.0,1995,11.0,10.0,945.0,10.5,0.0,1.0,1.0,0.0,0.0,0.0,0.0,0.0,0.7,0.7,0.3,1.0,2.0,33.0,3.0,0.0,0.1,0.1,0.0,0.1,0.07,0.03,0.1,0.07,0.1
73.0,Dan Burn,ENG,DF,Newcastle Utd,32.0,1992,27.0,27.0,2430.0,27.0,0.0,0.0,0.0,0.0,0.0,0.0,8.0,0.0,1.1,1.1,0.5,1.5,6.0,43.0,6.0,0.0,0.0,0.0,0.0,0.0,0.04,0.02,0.06,0.04,0.06
74.0,Wes Burns,WAL,"AT,DF",Ipswich Town,30.0,1994,18.0,12.0,926.0,10.3,0.0,1.0,1.0,0.0,0.0,0.0,1.0,0.0,0.5,0.5,1.6,2.2,38.0,8.0,65.0,0.0,0.1,0.1,0.0,0.1,0.05,0.16,0.21,0.05,0.21
75.0,Moisés Caicedo,ECU,MT,Chelsea,23.0,2001,29.0,29.0,2541.0,28.2,1.0,2.0,3.0,1.0,0.0,0.0,9.0,0.0,0.6,0.6,2.6,3.2,32.0,151.0,28.0,0.04,0.07,0.11,0.04,0.11,0.02,0.09,0.11,0.02,0.11
76.0,Tom Cairney,SCO,MT,Fulham,34.0,1991,19.0,2.0,438.0,4.9,1.0,0.0,1.0,1.0,0.0,0.0,2.0,1.0,0.1,0.1,0.7,0.9,13.0,45.0,21.0,0.21,0.0,0.21,0.21,0.21,0.03,0.14,0.17,0.03,0.17
77.0,Jens Cajuste,SWE,MT,Ipswich Town,25.0,1999,22.0,19.0,1434.0,15.9,1.0,0.0,1.0,1.0,0.0,0.0,2.0,0.0,0.3,0.3,0.4,0.7,21.0,38.0,13.0,0.06,0.0,0.06,0.06,0.06,0.02,0.02,0.04,0.02,0.04
78.0,Riccardo Calafiori,ITA,DF,Arsenal,22.0,2002,17.0,11.0,925.0,10.3,2.0,1.0,3.0,2.0,0.0,0.0,4.0,0.0,0.9,0.9,0.3,1.1,21.0,54.0,29.0,0.19,0.1,0.29,0.19,0.29,0.08,0.03,0.11,0.08,0.11
79.0,Dominic Calvert-Lewin,ENG,AT,Everton,28.0,1997,22.0,19.0,1574.0,17.5,3.0,1.0,4.0,3.0,0.0,0.0,2.0,0.0,6.1,6.1,0.6,6.7,22.0,19.0,105.0,0.17,0.06,0.23,0.17,0.23,0.35,0.04,0.39,0.35,0.39
80.0,Diego Carlos,BRA,DF,Aston Villa,32.0,1993,10.0,8.0,830.0,9.2,0.0,0.0,0.0,0.0,0.0,0.0,1.0,0.0,0.6,0.6,0.0,0.6,3.0,34.0,0.0,0.0,0.0,0.0,0.0,0.0,0.07,0.0,0.07,0.07,0.07
81.0,Fabio Carvalho,POR,"AT,MT",Brentford,22.0,2002,19.0,3.0,455.0,5.1,2.0,1.0,3.0,2.0,0.0,0.0,1.0,0.0,2.5,2.5,0.7,3.2,9.0,17.0,23.0,0.4,0.2,0.59,0.4,0.59,0.49,0.13,0.62,0.49,0.62
82.0,Casemiro,BRA,MT,Manchester Utd,33.0,1992,19.0,13.0,1123.0,12.5,1.0,0.0,1.0,1.0,0.0,0.0,2.0,0.0,1.3,1.3,2.2,3.5,3.0,59.0,23.0,0.08,0.0,0.08,0.08,0.08,0.11,0.18,0.28,0.11,0.28
83.0,Kaelan Casey,ENG,DF,West Ham,20.0,2004,1.0,0.0,1.0,0.0,0.0,0.0,0.0,0.0,0.0,0.0,0.0,0.0,0.0,0.0,0.0,0.0,0.0,0.0,0.0,0.0,0.0,0.0,0.0,0.0,0.0,0.0,0.0,0.0,0.0
84.0,Matty Cash,POL,"DF,AT",Aston Villa,27.0,1997,19.0,16.0,1396.0,15.5,1.0,1.0,2.0,1.0,0.0,0.0,6.0,0.0,0.2,0.2,1.0,1.3,38.0,31.0,50.0,0.06,0.06,0.13,0.06,0.13,0.02,0.07,0.08,0.02,0.08
85.0,Timothy Castagne,BEL,DF,Fulham,29.0,1995,19.0,14.0,1342.0,14.9,0.0,1.0,1.0,0.0,0.0,0.0,1.0,0.0,0.4,0.4,1.2,1.6,16.0,56.0,60.0,0.0,0.07,0.07,0.0,0.07,0.03,0.08,0.11,0.03,0.11
86.0,Trevoh Chalobah,ENG,DF,Chelsea,25.0,1999,6.0,4.0,296.0,3.3,0.0,1.0,1.0,0.0,0.0,0.0,0.0,0.0,0.2,0.2,1.1,1.3,2.0,12.0,0.0,0.0,0.3,0.3,0.0,0.3,0.07,0.34,0.41,0.07,0.41
87.0,Trevoh Chalobah,ENG,DF,Crystal Palace,25.0,1999,12.0,12.0,1060.0,11.8,3.0,0.0,3.0,3.0,0.0,0.0,1.0,0.0,1.2,1.2,0.4,1.6,11.0,34.0,6.0,0.25,0.0,0.25,0.25,0.25,0.1,0.03,0.14,0.1,0.14
88.0,Conor Chaplin,ENG,"MT,AT",Ipswich Town,28.0,1997,15.0,7.0,614.0,6.8,1.0,1.0,2.0,1.0,0.0,0.0,1.0,0.0,1.2,1.2,0.6,1.8,10.0,25.0,20.0,0.15,0.15,0.29,0.15,0.29,0.17,0.09,0.26,0.17,0.26
89.0,Youssef Chermiti,POR,AT,Everton,20.0,2004,1.0,0.0,12.0,0.1,0.0,0.0,0.0,0.0,0.0,0.0,1.0,0.0,0.1,0.1,0.0,0.1,0.0,1.0,4.0,0.0,0.0,0.0,0.0,0.0,0.51,0.0,0.51,0.51,0.51
90.0,Federico Chiesa,ITA,AT,Liverpool,27.0,1997,3.0,0.0,28.0,0.3,0.0,0.0,0.0,0.0,0.0,0.0,0.0,0.0,0.2,0.2,0.0,0.2,2.0,1.0,4.0,0.0,0.0,0.0,0.0,0.0,0.52,0.0,0.52,0.52,0.52
91.0,Ben Chilwell,ENG,"DF,MT",Crystal Palace,28.0,1996,3.0,0.0,51.0,0.6,0.0,0.0,0.0,0.0,0.0,0.0,1.0,0.0,0.0,0.0,0.1,0.2,0.0,2.0,5.0,0.0,0.0,0.0,0.0,0.0,0.08,0.25,0.33,0.08,0.33
92.0,Chiquinho,POR,MT,Wolves,25.0,2000,1.0,0.0,7.0,0.1,0.0,0.0,0.0,0.0,0.0,0.0,0.0,0.0,0.0,0.0,0.0,0.0,0.0,0.0,0.0,0.0,0.0,0.0,0.0,0.0,0.0,0.42,0.42,0.0,0.42
93.0,Hamza Choudhury,BAN,"MT,DF",Leicester City,27.0,1997,4.0,1.0,131.0,1.5,0.0,0.0,0.0,0.0,0.0,0.0,0.0,0.0,0.0,0.0,0.4,0.4,4.0,3.0,6.0,0.0,0.0,0.0,0.0,0.0,0.0,0.27,0.27,0.0,0.27
94.0,Ryan Christie,SCO,MT,Bournemouth,30.0,1995,28.0,26.0,2060.0,22.9,2.0,3.0,5.0,2.0,0.0,0.0,9.0,0.0,1.8,1.8,3.4,5.2,32.0,134.0,42.0,0.09,0.13,0.22,0.09,0.22,0.08,0.15,0.23,0.08,0.23
95.0,Harry Clarke,ENG,DF,Ipswich Town,24.0,2001,7.0,4.0,379.0,4.2,0.0,0.0,0.0,0.0,0.0,0.0,3.0,1.0,0.1,0.1,0.0,0.1,5.0,14.0,2.0,0.0,0.0,0.0,0.0,0.0,0.02,0.01,0.03,0.02,0.03
96.0,Jack Clarke,ENG,"AT,MT",Ipswich Town,24.0,2000,24.0,8.0,871.0,9.7,0.0,4.0,4.0,0.0,0.0,0.0,2.0,0.0,0.9,0.9,1.8,2.8,25.0,28.0,46.0,0.0,0.41,0.41,0.0,0.41,0.1,0.19,0.29,0.1,0.29
97.0,Nathaniel Clyne,ENG,"DF,MT",Crystal Palace,33.0,1991,11.0,4.0,397.0,4.4,0.0,0.0,0.0,0.0,0.0,0.0,1.0,0.0,0.0,0.0,0.1,0.1,5.0,6.0,7.0,0.0,0.0,0.0,0.0,0.0,0.0,0.03,0.03,0.0,0.03
98.0,Conor Coady,ENG,DF,Leicester City,32.0,1993,13.0,10.0,904.0,10.0,0.0,0.0,0.0,0.0,0.0,0.0,1.0,0.0,0.0,0.0,0.1,0.1,1.0,24.0,0.0,0.0,0.0,0.0,0.0,0.0,0.0,0.01,0.01,0.0,0.01
99.0,Séamus Coleman,IRL,DF,Everton,36.0,1988,3.0,2.0,197.0,2.2,0.0,0.0,0.0,0.0,0.0,0.0,1.0,0.0,0.6,0.6,0.0,0.6,1.0,8.0,2.0,0.0,0.0,0.0,0.0,0.0,0.26,0.0,0.26,0.26,0.26
100.0,Nathan Collins,IRL,DF,Brentford,23.0,2001,29.0,29.0,2610.0,29.0,2.0,1.0,3.0,2.0,0.0,0.0,4.0,0.0,2.3,2.3,1.4,3.7,23.0,103.0,17.0,0.07,0.03,0.1,0.07,0.1,0.08,0.05,0.13,0.08,0.13
101.0,Toby Collyer,ENG,MT,Manchester Utd,21.0,2004,6.0,0.0,179.0,2.0,0.0,0.0,0.0,0.0,0.0,0.0,0.0,0.0,0.2,0.2,0.3,0.4,0.0,5.0,2.0,0.0,0.0,0.0,0.0,0.0,0.09,0.13,0.22,0.09,0.22
102.0,Levi Colwill,ENG,DF,Chelsea,22.0,2003,27.0,27.0,2429.0,27.0,1.0,1.0,2.0,1.0,0.0,0.0,7.0,0.0,0.7,0.7,1.1,1.8,10.0,109.0,7.0,0.04,0.04,0.07,0.04,0.07,0.03,0.04,0.07,0.03,0.07
103.0,Lewis Cook,ENG,"MT,DF",Bournemouth,28.0,1997,28.0,26.0,2392.0,26.6,1.0,3.0,4.0,1.0,0.0,0.0,6.0,0.0,0.6,0.6,3.6,4.2,30.0,140.0,41.0,0.04,0.11,0.15,0.04,0.15,0.02,0.14,0.16,0.02,0.16
104.0,Maxwel Cornet,CIV,AT,Southampton,28.0,1996,2.0,1.0,72.0,0.8,0.0,0.0,0.0,0.0,0.0,0.0,1.0,0.0,0.2,0.2,0.0,0.2,1.0,0.0,5.0,0.0,0.0,0.0,0.0,0.0,0.2,0.0,0.2,0.2,0.2
105.0,Vladimír Coufal,CZE,DF,West Ham,32.0,1992,15.0,8.0,736.0,8.2,0.0,0.0,0.0,0.0,0.0,0.0,2.0,0.0,0.2,0.2,0.6,0.8,11.0,28.0,21.0,0.0,0.0,0.0,0.0,0.0,0.02,0.08,0.1,0.02,0.1
106.0,Woyo Coulibaly,FRA,DF,Leicester City,25.0,1999,4.0,1.0,109.0,1.2,0.0,0.0,0.0,0.0,0.0,0.0,1.0,0.0,0.0,0.0,0.0,0.0,4.0,3.0,2.0,0.0,0.0,0.0,0.0,0.0,0.04,0.0,0.04,0.04,0.04
107.0,Aaron Cresswell,ENG,DF,West Ham,35.0,1989,13.0,6.0,544.0,6.0,0.0,0.0,0.0,0.0,0.0,0.0,2.0,0.0,0.1,0.1,1.1,1.3,4.0,23.0,2.0,0.0,0.0,0.0,0.0,0.0,0.02,0.19,0.21,0.02,0.21
108.0,Marc Cucurella,ESP,DF,Chelsea,26.0,1998,27.0,25.0,2254.0,25.0,4.0,1.0,5.0,4.0,0.0,0.0,8.0,1.0,2.2,2.2,1.7,3.9,29.0,90.0,95.0,0.16,0.04,0.2,0.16,0.2,0.09,0.07,0.15,0.09,0.15
109.0,Jorge Cuenca,ESP,DF,Fulham,25.0,1999,5.0,2.0,169.0,1.9,0.0,0.0,0.0,0.0,0.0,0.0,0.0,0.0,0.0,0.0,0.0,0.0,0.0,6.0,0.0,0.0,0.0,0.0,0.0,0.0,0.0,0.0,0.0,0.0,0.0
110.0,Matheus Cunha,BRA,"MT,AT",Wolves,25.0,1999,26.0,24.0,2143.0,23.8,13.0,4.0,17.0,13.0,0.0,0.0,3.0,0.0,6.7,6.7,6.6,13.4,92.0,112.0,137.0,0.55,0.17,0.71,0.55,0.71,0.28,0.28,0.56,0.28,0.56
111.0,Patson Daka,ZAM,"AT,MT",Leicester City,26.0,1998,16.0,3.0,463.0,5.1,1.0,0.0,1.0,1.0,0.0,0.0,0.0,0.0,0.8,0.8,0.0,0.8,4.0,7.0,24.0,0.19,0.0,0.19,0.19,0.19,0.15,0.0,0.15,0.15,0.15
112.0,Diogo Dalot,POR,DF,Manchester Utd,26.0,1999,28.0,28.0,2486.0,27.6,0.0,2.0,2.0,0.0,0.0,0.0,4.0,0.0,1.9,1.9,1.7,3.7,53.0,85.0,137.0,0.0,0.07,0.07,0.0,0.07,0.07,0.06,0.13,0.07,0.13
113.0,Mikkel Damsgaard,DEN,"MT,AT",Brentford,24.0,2000,29.0,26.0,2216.0,24.6,2.0,10.0,12.0,2.0,0.0,0.0,2.0,0.0,2.3,2.3,7.1,9.4,59.0,188.0,105.0,0.08,0.41,0.49,0.08,0.49,0.1,0.29,0.38,0.1,0.38
114.0,Danilo,BRA,MT,Nott'ham Forest,23.0,2001,5.0,3.0,171.0,1.9,0.0,0.0,0.0,0.0,0.0,0.0,0.0,0.0,0.0,0.0,0.0,0.0,2.0,9.0,0.0,0.0,0.0,0.0,0.0,0.0,0.0,0.0,0.0,0.0,0.0
115.0,Jayden Danns,ENG,MT,Liverpool,19.0,2006,1.0,0.0,11.0,0.1,0.0,0.0,0.0,0.0,0.0,0.0,0.0,0.0,0.0,0.0,0.0,0.0,0.0,0.0,0.0,0.0,0.0,0.0,0.0,0.0,0.0,0.0,0.0,0.0,0.0
116.0,Kevin Danso,AUT,DF,Tottenham,26.0,1998,4.0,4.0,347.0,3.9,0.0,0.0,0.0,0.0,0.0,0.0,0.0,0.0,0.3,0.3,0.0,0.4,2.0,7.0,0.0,0.0,0.0,0.0,0.0,0.0,0.09,0.01,0.1,0.09,0.1
117.0,Ben Davies,WAL,DF,Tottenham,31.0,1993,9.0,8.0,721.0,8.0,0.0,0.0,0.0,0.0,0.0,0.0,2.0,0.0,0.2,0.2,0.1,0.2,6.0,34.0,4.0,0.0,0.0,0.0,0.0,0.0,0.02,0.01,0.03,0.02,0.03
118.0,Leif Davis,ENG,DF,Ipswich Town,25.0,2000,28.0,28.0,2461.0,27.3,1.0,2.0,3.0,1.0,0.0,0.0,5.0,0.0,0.9,0.9,4.3,5.2,47.0,55.0,117.0,0.04,0.07,0.11,0.04,0.11,0.03,0.16,0.19,0.03,0.19
119.0,Craig Dawson,ENG,DF,Wolves,34.0,1990,15.0,10.0,971.0,10.8,0.0,0.0,0.0,0.0,0.0,0.0,2.0,0.0,0.5,0.5,0.0,0.5,6.0,20.0,5.0,0.0,0.0,0.0,0.0,0.0,0.05,0.0,0.05,0.05,0.05
120.0,Kevin De Bruyne,BEL,MT,Manchester City,33.0,1991,20.0,12.0,1103.0,12.3,2.0,6.0,8.0,2.0,0.0,0.0,2.0,0.0,2.6,2.6,6.1,8.8,38.0,113.0,105.0,0.16,0.49,0.65,0.16,0.65,0.22,0.5,0.71,0.22,0.71
121.0,Liam Delap,ENG,AT,Ipswich Town,22.0,2003,28.0,27.0,2173.0,24.1,10.0,2.0,12.0,8.0,2.0,2.0,8.0,0.0,8.2,6.6,1.9,8.5,52.0,26.0,91.0,0.41,0.08,0.5,0.33,0.41,0.34,0.08,0.42,0.28,0.35
122.0,Sepp van den Berg,NED,DF,Brentford,23.0,2001,22.0,20.0,1776.0,19.7,0.0,0.0,0.0,0.0,0.0,0.0,1.0,0.0,0.8,0.8,0.2,1.0,6.0,53.0,23.0,0.0,0.0,0.0,0.0,0.0,0.04,0.01,0.05,0.04,0.05
123.0,Justin Devenny,NIR,MT,Crystal Palace,21.0,2003,14.0,3.0,318.0,3.5,1.0,0.0,1.0,1.0,0.0,0.0,0.0,0.0,0.5,0.5,0.3,0.8,3.0,9.0,9.0,0.28,0.0,0.28,0.28,0.28,0.14,0.1,0.24,0.14,0.24
124.0,Kiernan Dewsbury-Hall,ENG,"MT,AT",Chelsea,26.0,1998,9.0,1.0,199.0,2.2,0.0,1.0,1.0,0.0,0.0,0.0,0.0,0.0,0.2,0.2,1.0,1.2,5.0,11.0,9.0,0.0,0.45,0.45,0.0,0.45,0.1,0.45,0.55,0.1,0.55
125.0,Amad Diallo,CIV,"AT,MT",Manchester Utd,22.0,2002,22.0,17.0,1594.0,17.7,6.0,6.0,12.0,6.0,0.0,0.0,3.0,0.0,4.1,4.1,3.9,8.0,92.0,53.0,159.0,0.34,0.34,0.68,0.34,0.68,0.23,0.22,0.45,0.23,0.45
126.0,Rúben Dias,POR,DF,Manchester City,27.0,1997,18.0,16.0,1461.0,16.2,0.0,0.0,0.0,0.0,0.0,0.0,3.0,0.0,1.3,1.3,0.3,1.5,28.0,90.0,6.0,0.0,0.0,0.0,0.0,0.0,0.08,0.02,0.09,0.08,0.09
127.0,Luis Díaz,COL,AT,Liverpool,28.0,1997,28.0,22.0,1850.0,20.6,9.0,4.0,13.0,9.0,0.0,0.0,2.0,0.0,7.6,7.6,3.4,11.0,84.0,83.0,213.0,0.44,0.19,0.63,0.44,0.63,0.37,0.17,0.53,0.37,0.53
128.0,Tyler Dibling,ENG,"AT,MT",Southampton,19.0,2006,25.0,17.0,1540.0,17.1,2.0,0.0,2.0,2.0,0.0,0.0,6.0,0.0,2.4,2.4,1.4,3.8,60.0,54.0,80.0,0.12,0.0,0.12,0.12,0.12,0.14,0.08,0.22,0.14,0.22
129.0,Lucas Digne,FRA,DF,Aston Villa,31.0,1993,28.0,25.0,2061.0,22.9,0.0,4.0,4.0,0.0,0.0,0.0,3.0,0.0,0.8,0.8,4.0,4.8,21.0,51.0,132.0,0.0,0.17,0.17,0.0,0.17,0.03,0.17,0.21,0.03,0.21
130.0,Issa Diop,FRA,DF,Fulham,28.0,1997,20.0,14.0,1263.0,14.0,0.0,0.0,0.0,0.0,0.0,0.0,2.0,0.0,0.5,0.5,0.1,0.6,6.0,24.0,2.0,0.0,0.0,0.0,0.0,0.0,0.04,0.01,0.05,0.04,0.05
131.0,Axel Disasi,FRA,DF,Chelsea,27.0,1998,6.0,4.0,364.0,4.0,1.0,0.0,1.0,1.0,0.0,0.0,1.0,0.0,0.3,0.3,0.1,0.4,6.0,16.0,2.0,0.25,0.0,0.25,0.25,0.25,0.07,0.02,0.09,0.07,0.09
132.0,Axel Disasi,FRA,DF,Aston Villa,27.0,1998,4.0,4.0,360.0,4.0,0.0,0.0,0.0,0.0,0.0,0.0,1.0,0.0,0.1,0.1,0.4,0.4,8.0,12.0,5.0,0.0,0.0,0.0,0.0,0.0,0.02,0.09,0.11,0.02,0.11
133.0,Roman Dixon,ENG,DF,Everton,20.0,2004,1.0,1.0,90.0,1.0,0.0,0.0,0.0,0.0,0.0,0.0,0.0,0.0,0.0,0.0,0.0,0.0,0.0,0.0,1.0,0.0,0.0,0.0,0.0,0.0,0.0,0.0,0.0,0.0,0.0
134.0,Nasser Djiga,BFA,DF,Wolves,22.0,2002,2.0,0.0,19.0,0.2,0.0,0.0,0.0,0.0,0.0,0.0,0.0,0.0,0.0,0.0,0.0,0.0,0.0,0.0,1.0,0.0,0.0,0.0,0.0,0.0,0.0,0.0,0.0,0.0,0.0
135.0,Matt Doherty,IRL,DF,Wolves,33.0,1992,22.0,18.0,1610.0,17.9,2.0,1.0,3.0,2.0,0.0,0.0,5.0,0.0,1.0,1.0,1.4,2.4,27.0,68.0,38.0,0.11,0.06,0.17,0.11,0.17,0.06,0.08,0.13,0.06,0.13
136.0,Jeremy Doku,BEL,"AT,MT",Manchester City,22.0,2002,20.0,13.0,1163.0,12.9,3.0,4.0,7.0,3.0,0.0,0.0,1.0,0.0,1.0,1.0,3.2,4.2,157.0,55.0,206.0,0.23,0.31,0.54,0.23,0.54,0.07,0.25,0.32,0.07,0.32
137.0,Nicolás Domínguez,ARG,"MT,AT",Nott'ham Forest,26.0,1998,25.0,16.0,1395.0,15.5,0.0,0.0,0.0,0.0,0.0,0.0,8.0,0.0,1.3,1.3,1.0,2.3,9.0,52.0,19.0,0.0,0.0,0.0,0.0,0.0,0.08,0.06,0.15,0.08,0.15
138.0,Patrick Dorgu,DEN,DF,Manchester Utd,20.0,2004,3.0,3.0,222.0,2.5,0.0,0.0,0.0,0.0,0.0,0.0,1.0,1.0,0.1,0.1,0.0,0.1,11.0,6.0,25.0,0.0,0.0,0.0,0.0,0.0,0.03,0.02,0.05,0.03,0.05
139.0,Alfie Dorrington,ENG,DF,Tottenham,19.0,2005,1.0,0.0,14.0,0.2,0.0,0.0,0.0,0.0,0.0,0.0,0.0,0.0,0.0,0.0,0.0,0.0,0.0,0.0,0.0,0.0,0.0,0.0,0.0,0.0,0.0,0.0,0.0,0.0,0.0
140.0,Abdoulaye Doucouré,MLI,MT,Everton,32.0,1993,25.0,24.0,1980.0,22.0,2.0,1.0,3.0,2.0,0.0,0.0,4.0,1.0,3.2,3.2,1.5,4.7,32.0,66.0,73.0,0.09,0.05,0.14,0.09,0.14,0.14,0.07,0.21,0.14,0.21
141.0,Cheick Doucouré,MLI,MT,Crystal Palace,25.0,2000,13.0,4.0,452.0,5.0,0.0,0.0,0.0,0.0,0.0,0.0,1.0,0.0,0.4,0.4,0.0,0.4,2.0,19.0,7.0,0.0,0.0,0.0,0.0,0.0,0.08,0.0,0.08,0.08,0.08
142.0,Flynn Downes,ENG,MT,Southampton,26.0,1999,20.0,18.0,1522.0,16.9,1.0,0.0,1.0,1.0,0.0,0.0,9.0,0.0,0.6,0.6,0.9,1.5,21.0,52.0,24.0,0.06,0.0,0.06,0.06,0.06,0.04,0.05,0.09,0.04,0.09
143.0,Tommy Doyle,ENG,MT,Wolves,23.0,2001,24.0,3.0,488.0,5.4,0.0,1.0,1.0,0.0,0.0,0.0,1.0,0.0,0.6,0.6,0.5,1.1,6.0,40.0,4.0,0.0,0.18,0.18,0.0,0.18,0.1,0.09,0.2,0.1,0.2
144.0,Radu Drăgușin,ROU,DF,Tottenham,23.0,2002,16.0,14.0,1252.0,13.9,0.0,0.0,0.0,0.0,0.0,0.0,1.0,0.0,0.1,0.1,0.4,0.5,7.0,37.0,2.0,0.0,0.0,0.0,0.0,0.0,0.01,0.03,0.04,0.01,0.04
145.0,Martin Dúbravka,SVK,GB,Newcastle Utd,36.0,1989,10.0,10.0,900.0,10.0,0.0,0.0,0.0,0.0,0.0,0.0,0.0,0.0,0.0,0.0,0.0,0.0,0.0,0.0,0.0,0.0,0.0,0.0,0.0,0.0,0.0,0.0,0.0,0.0,0.0
146.0,Lewis Dunk,ENG,DF,Brighton,33.0,1991,19.0,17.0,1562.0,17.4,0.0,0.0,0.0,0.0,0.0,0.0,4.0,0.0,0.7,0.7,0.5,1.2,17.0,111.0,2.0,0.0,0.0,0.0,0.0,0.0,0.04,0.03,0.07,0.04,0.07
147.0,Jáder Durán,COL,AT,Aston Villa,21.0,2003,20.0,4.0,638.0,7.1,7.0,0.0,7.0,7.0,0.0,0.0,3.0,1.0,4.9,4.9,0.2,5.1,7.0,13.0,44.0,0.99,0.0,0.99,0.99,0.99,0.69,0.03,0.71,0.69,0.71
148.0,Ederson,BRA,GB,Manchester City,31.0,1993,19.0,19.0,1710.0,19.0,0.0,3.0,3.0,0.0,0.0,0.0,3.0,0.0,0.0,0.0,0.8,0.8,0.0,1.0,0.0,0.0,0.16,0.16,0.0,0.16,0.0,0.04,0.04,0.0,0.04
149.0,George Edmundson,ENG,DF,Ipswich Town,27.0,1997,1.0,0.0,2.0,0.0,0.0,0.0,0.0,0.0,0.0,0.0,0.0,0.0,0.0,0.0,0.0,0.0,0.0,0.0,0.0,0.0,0.0,0.0,0.0,0.0,0.0,0.0,0.0,0.0,0.0
150.0,Odsonne Édouard,FRA,AT,Leicester City,27.0,1998,4.0,0.0,29.0,0.3,0.0,0.0,0.0,0.0,0.0,0.0,0.0,0.0,0.0,0.0,0.0,0.0,0.0,1.0,2.0,0.0,0.0,0.0,0.0,0.0,0.0,0.13,0.13,0.0,0.13
151.0,Odsonne Édouard,FRA,"MT,AT",Crystal Palace,27.0,1998,2.0,1.0,115.0,1.3,0.0,0.0,0.0,0.0,0.0,0.0,0.0,0.0,0.4,0.4,0.0,0.4,2.0,4.0,7.0,0.0,0.0,0.0,0.0,0.0,0.31,0.04,0.34,0.31,0.34
152.0,Samuel Edozie,ENG,"DF,AT",Southampton,22.0,2003,2.0,0.0,65.0,0.7,0.0,0.0,0.0,0.0,0.0,0.0,1.0,0.0,0.0,0.0,0.1,0.1,6.0,4.0,23.0,0.0,0.0,0.0,0.0,0.0,0.0,0.14,0.14,0.0,0.14
153.0,Ronnie Edwards,ENG,DF,Southampton,22.0,2003,1.0,0.0,12.0,0.1,0.0,0.0,0.0,0.0,0.0,0.0,0.0,0.0,0.0,0.0,0.0,0.0,0.0,0.0,0.0,0.0,0.0,0.0,0.0,0.0,0.0,0.0,0.0,0.0,0.0
154.0,Anthony Elanga,SWE,"AT,MT",Nott'ham Forest,22.0,2002,29.0,23.0,1845.0,20.5,5.0,8.0,13.0,5.0,0.0,0.0,1.0,0.0,3.7,3.7,4.3,8.0,76.0,41.0,150.0,0.24,0.39,0.63,0.24,0.63,0.18,0.21,0.39,0.18,0.39
155.0,Harvey Elliott,ENG,"MT,AT",Liverpool,21.0,2003,11.0,0.0,128.0,1.4,0.0,1.0,1.0,0.0,0.0,0.0,0.0,0.0,0.2,0.2,0.8,1.0,7.0,17.0,14.0,0.0,0.7,0.7,0.0,0.7,0.14,0.54,0.68,0.14,0.68
156.0,Yunus Emre Konak,TUR,"AT,MT",Brentford,19.0,2006,7.0,0.0,31.0,0.3,0.0,0.0,0.0,0.0,0.0,0.0,0.0,0.0,0.2,0.2,0.0,0.2,1.0,2.0,1.0,0.0,0.0,0.0,0.0,0.0,0.44,0.0,0.44,0.44,0.44
157.0,Julio Enciso,PAR,"MT,AT",Brighton,21.0,2004,12.0,2.0,294.0,3.3,0.0,0.0,0.0,0.0,0.0,0.0,0.0,0.0,1.0,1.0,0.2,1.2,11.0,14.0,17.0,0.0,0.0,0.0,0.0,0.0,0.31,0.07,0.38,0.31,0.38
158.0,Julio Enciso,PAR,"MT,AT",Ipswich Town,21.0,2004,5.0,4.0,269.0,3.0,0.0,1.0,1.0,0.0,0.0,0.0,2.0,0.0,0.6,0.6,0.4,0.9,7.0,11.0,17.0,0.0,0.33,0.33,0.0,0.33,0.19,0.12,0.31,0.19,0.31
159.0,Wataru Endo,JPN,MT,Liverpool,32.0,1993,14.0,0.0,147.0,1.6,0.0,0.0,0.0,0.0,0.0,0.0,0.0,0.0,0.0,0.0,0.0,0.0,0.0,9.0,1.0,0.0,0.0,0.0,0.0,0.0,0.0,0.01,0.01,0.0,0.01
160.0,Christian Eriksen,DEN,MT,Manchester Utd,33.0,1992,16.0,9.0,781.0,8.7,0.0,1.0,1.0,0.0,0.0,0.0,2.0,0.0,0.2,0.2,2.3,2.5,7.0,39.0,22.0,0.0,0.12,0.12,0.0,0.12,0.02,0.26,0.28,0.02,0.28
161.0,Romain Esse,ENG,MT,Crystal Palace,19.0,2005,2.0,0.0,8.0,0.1,1.0,0.0,1.0,1.0,0.0,0.0,0.0,0.0,0.3,0.3,0.0,0.3,0.0,1.0,2.0,11.25,0.0,11.25,11.25,11.25,3.21,0.0,3.21,3.21,3.21
162.0,Pervis Estupiñán,ECU,DF,Brighton,27.0,1998,22.0,18.0,1692.0,18.8,1.0,1.0,2.0,1.0,0.0,0.0,3.0,0.0,0.6,0.6,1.8,2.5,43.0,76.0,83.0,0.05,0.05,0.11,0.05,0.11,0.03,0.1,0.13,0.03,0.13
163.0,Evanilson,BRA,AT,Bournemouth,25.0,1999,22.0,19.0,1544.0,17.2,6.0,0.0,6.0,6.0,0.0,1.0,0.0,0.0,7.9,7.1,1.4,8.5,22.0,15.0,72.0,0.35,0.0,0.35,0.35,0.35,0.46,0.08,0.54,0.41,0.49
164.0,Jonny Evans,NIR,DF,Manchester Utd,37.0,1988,6.0,3.0,290.0,3.2,0.0,0.0,0.0,0.0,0.0,0.0,1.0,0.0,0.1,0.1,0.0,0.1,1.0,8.0,2.0,0.0,0.0,0.0,0.0,0.0,0.03,0.0,0.03,0.03,0.03
165.0,Eberechi Eze,ENG,"MT,AT",Crystal Palace,26.0,1998,24.0,22.0,1924.0,21.4,2.0,6.0,8.0,2.0,0.0,0.0,1.0,0.0,6.1,6.1,4.6,10.7,56.0,80.0,127.0,0.09,0.28,0.37,0.09,0.37,0.29,0.21,0.5,0.29,0.5
166.0,Łukasz Fabiański,POL,GB,West Ham,39.0,1985,13.0,12.0,1070.0,11.9,0.0,0.0,0.0,0.0,0.0,0.0,2.0,0.0,0.0,0.0,0.0,0.0,0.0,0.0,0.0,0.0,0.0,0.0,0.0,0.0,0.0,0.0,0.0,0.0,0.0
167.0,Wout Faes,BEL,DF,Leicester City,26.0,1998,26.0,22.0,2095.0,23.3,1.0,0.0,1.0,1.0,0.0,0.0,3.0,0.0,1.2,1.2,0.1,1.3,11.0,71.0,1.0,0.04,0.0,0.04,0.04,0.04,0.05,0.0,0.06,0.05,0.06
168.0,Abdul Fatawu Issahaku,GHA,AT,Leicester City,21.0,2004,11.0,6.0,579.0,6.4,0.0,2.0,2.0,0.0,0.0,0.0,0.0,0.0,0.4,0.4,1.6,2.0,42.0,17.0,60.0,0.0,0.31,0.31,0.0,0.31,0.06,0.24,0.31,0.06,0.31
169.0,João Félix,POR,"AT,MT",Chelsea,25.0,1999,12.0,3.0,369.0,4.1,1.0,1.0,2.0,1.0,0.0,0.0,2.0,0.0,2.2,2.2,1.0,3.2,21.0,26.0,30.0,0.24,0.24,0.49,0.24,0.49,0.54,0.23,0.78,0.54,0.78
170.0,Evan Ferguson,IRL,AT,Brighton,20.0,2004,13.0,2.0,246.0,2.7,1.0,0.0,1.0,1.0,0.0,0.0,0.0,0.0,0.5,0.5,0.4,1.0,2.0,1.0,9.0,0.37,0.0,0.37,0.37,0.37,0.2,0.15,0.35,0.2,0.35
171.0,Evan Ferguson,IRL,AT,West Ham,20.0,2004,5.0,0.0,95.0,1.1,0.0,0.0,0.0,0.0,0.0,0.0,0.0,0.0,0.2,0.2,0.3,0.6,1.0,0.0,5.0,0.0,0.0,0.0,0.0,0.0,0.24,0.29,0.52,0.24,0.52
172.0,Bruno Fernandes,POR,MT,Manchester Utd,30.0,1994,28.0,28.0,2375.0,26.4,8.0,9.0,17.0,5.0,3.0,3.0,4.0,2.0,8.5,6.2,6.0,12.2,58.0,231.0,108.0,0.3,0.34,0.64,0.19,0.53,0.32,0.23,0.55,0.23,0.46
173.0,Mateus Fernandes,POR,MT,Southampton,20.0,2004,27.0,25.0,2141.0,23.8,1.0,2.0,3.0,1.0,0.0,0.0,7.0,0.0,3.1,3.1,2.0,5.2,62.0,107.0,76.0,0.04,0.08,0.13,0.04,0.13,0.13,0.09,0.22,0.13,0.22
174.0,Enzo Fernández,ARG,MT,Chelsea,24.0,2001,27.0,23.0,2141.0,23.8,4.0,5.0,9.0,4.0,0.0,0.0,6.0,0.0,4.4,4.4,5.1,9.5,42.0,157.0,85.0,0.17,0.21,0.38,0.17,0.38,0.19,0.21,0.4,0.19,0.4
175.0,Mark Flekken,NED,GB,Brentford,31.0,1993,28.0,28.0,2465.0,27.4,0.0,1.0,1.0,0.0,0.0,0.0,1.0,0.0,0.0,0.0,0.2,0.2,0.0,0.0,0.0,0.0,0.04,0.04,0.0,0.04,0.0,0.01,0.01,0.0,0.01
176.0,Phil Foden,ENG,"MT,AT",Manchester City,24.0,2000,24.0,18.0,1629.0,18.1,7.0,2.0,9.0,7.0,0.0,0.0,2.0,0.0,4.9,4.9,4.7,9.5,46.0,94.0,116.0,0.39,0.11,0.5,0.39,0.5,0.27,0.26,0.53,0.27,0.53
177.0,Wesley Fofana,FRA,DF,Chelsea,24.0,2000,14.0,14.0,1172.0,13.0,0.0,0.0,0.0,0.0,0.0,0.0,7.0,0.0,0.4,0.4,0.4,0.8,19.0,32.0,4.0,0.0,0.0,0.0,0.0,0.0,0.03,0.03,0.07,0.03,0.06
178.0,Carlos Forbs,POR,"MT,AT",Wolves,21.0,2004,9.0,1.0,237.0,2.6,0.0,0.0,0.0,0.0,0.0,0.0,2.0,0.0,0.1,0.1,0.0,0.2,9.0,8.0,28.0,0.0,0.0,0.0,0.0,0.0,0.05,0.01,0.07,0.05,0.07
179.0,Fraser Forster,ENG,GB,Tottenham,37.0,1988,7.0,7.0,630.0,7.0,0.0,0.0,0.0,0.0,0.0,0.0,0.0,0.0,0.0,0.0,0.0,0.0,0.0,0.0,0.0,0.0,0.0,0.0,0.0,0.0,0.0,0.0,0.0,0.0,0.0
180.0,Ryan Fraser,SCO,"AT,DF",Southampton,31.0,1994,8.0,4.0,306.0,3.4,0.0,0.0,0.0,0.0,0.0,0.0,0.0,1.0,0.0,0.0,0.1,0.1,10.0,8.0,18.0,0.0,0.0,0.0,0.0,0.0,0.01,0.03,0.04,0.01,0.04
181.0,Niclas Füllkrug,GER,AT,West Ham,32.0,1993,9.0,3.0,370.0,4.1,2.0,1.0,3.0,2.0,0.0,0.0,1.0,0.0,1.4,1.4,1.0,2.4,3.0,4.0,8.0,0.49,0.24,0.73,0.49,0.73,0.35,0.24,0.59,0.35,0.59
182.0,Cody Gakpo,NED,AT,Liverpool,25.0,1999,26.0,16.0,1411.0,15.7,8.0,3.0,11.0,8.0,0.0,0.0,4.0,0.0,6.0,6.0,3.5,9.4,38.0,44.0,212.0,0.51,0.19,0.7,0.51,0.7,0.38,0.22,0.6,0.38,0.6
183.0,Idrissa Gana Gueye,SEN,MT,Everton,35.0,1989,28.0,26.0,2267.0,25.2,0.0,3.0,3.0,0.0,0.0,0.0,6.0,0.0,1.0,1.0,1.5,2.5,18.0,109.0,20.0,0.0,0.12,0.12,0.0,0.12,0.04,0.06,0.1,0.04,0.1
184.0,Andrés García,ESP,"DF,MT",Aston Villa,22.0,2003,5.0,4.0,267.0,3.0,0.0,0.0,0.0,0.0,0.0,0.0,0.0,0.0,0.0,0.0,0.1,0.1,22.0,12.0,19.0,0.0,0.0,0.0,0.0,0.0,0.01,0.03,0.04,0.01,0.04
185.0,Alejandro Garnacho,ARG,"MT,AT",Manchester Utd,20.0,2004,28.0,17.0,1642.0,18.2,4.0,1.0,5.0,4.0,0.0,0.0,1.0,0.0,5.7,5.7,2.6,8.3,96.0,36.0,212.0,0.22,0.05,0.27,0.22,0.27,0.31,0.14,0.46,0.31,0.46
186.0,James Garner,ENG,"MT,DF",Everton,24.0,2001,12.0,9.0,861.0,9.6,0.0,1.0,1.0,0.0,0.0,0.0,3.0,0.0,0.1,0.1,1.0,1.1,7.0,25.0,17.0,0.0,0.1,0.1,0.0,0.1,0.02,0.1,0.12,0.02,0.12
187.0,Tyrique George,ENG,AT,Chelsea,19.0,2006,5.0,0.0,89.0,1.0,0.0,1.0,1.0,0.0,0.0,0.0,1.0,0.0,0.1,0.1,0.7,0.8,9.0,2.0,16.0,0.0,1.01,1.01,0.0,1.01,0.13,0.73,0.86,0.13,0.86
188.0,Morgan Gibbs-White,ENG,MT,Nott'ham Forest,25.0,2000,25.0,25.0,2018.0,22.4,5.0,7.0,12.0,5.0,0.0,0.0,8.0,1.0,3.9,3.9,4.3,8.2,55.0,126.0,101.0,0.22,0.31,0.54,0.22,0.54,0.17,0.19,0.36,0.17,0.36
189.0,Billy Gilmour,SCO,MT,Brighton,23.0,2001,2.0,1.0,98.0,1.1,0.0,0.0,0.0,0.0,0.0,0.0,0.0,0.0,0.1,0.1,0.0,0.1,2.0,11.0,2.0,0.0,0.0,0.0,0.0,0.0,0.07,0.0,0.07,0.07,0.07
190.0,Ben Godfrey,ENG,DF,Ipswich Town,27.0,1998,2.0,2.0,108.0,1.2,0.0,0.0,0.0,0.0,0.0,0.0,1.0,0.0,0.0,0.0,0.0,0.0,2.0,4.0,1.0,0.0,0.0,0.0,0.0,0.0,0.0,0.0,0.0,0.0,0.0
191.0,Martial Godo,ENG,AT,Fulham,22.0,2003,1.0,0.0,16.0,0.2,0.0,0.0,0.0,0.0,0.0,0.0,0.0,0.0,0.0,0.0,0.0,0.0,0.0,0.0,3.0,0.0,0.0,0.0,0.0,0.0,0.0,0.0,0.0,0.0,0.0
192.0,João Gomes,BRA,MT,Wolves,24.0,2001,27.0,27.0,2249.0,25.0,3.0,1.0,4.0,3.0,0.0,0.0,9.0,1.0,2.3,2.3,1.1,3.4,43.0,130.0,57.0,0.12,0.04,0.16,0.12,0.16,0.09,0.04,0.14,0.09,0.14
193.0,Rodrigo Gomes,POR,"DF,AT",Wolves,21.0,2003,17.0,6.0,569.0,6.3,1.0,0.0,1.0,1.0,0.0,0.0,0.0,0.0,0.4,0.4,0.7,1.1,17.0,22.0,57.0,0.16,0.0,0.16,0.16,0.16,0.06,0.11,0.17,0.06,0.17
194.0,Toti Gomes,POR,DF,Wolves,26.0,1999,22.0,21.0,1804.0,20.0,0.0,1.0,1.0,0.0,0.0,0.0,4.0,0.0,0.1,0.1,0.8,0.9,18.0,55.0,11.0,0.0,0.05,0.05,0.0,0.05,0.0,0.04,0.05,0.0,0.05
195.0,Diego Gómez,PAR,MT,Brighton,22.0,2003,7.0,2.0,254.0,2.8,0.0,0.0,0.0,0.0,0.0,0.0,0.0,0.0,0.3,0.3,0.4,0.7,5.0,14.0,7.0,0.0,0.0,0.0,0.0,0.0,0.11,0.14,0.25,0.11,0.25
196.0,Joe Gomez,ENG,DF,Liverpool,27.0,1997,9.0,6.0,519.0,5.8,0.0,0.0,0.0,0.0,0.0,0.0,1.0,0.0,0.3,0.3,0.1,0.4,5.0,35.0,2.0,0.0,0.0,0.0,0.0,0.0,0.06,0.02,0.08,0.06,0.08
197.0,Nicolás González,ESP,MT,Manchester City,23.0,2002,5.0,5.0,390.0,4.3,0.0,0.0,0.0,0.0,0.0,0.0,1.0,0.0,0.2,0.2,0.1,0.3,5.0,28.0,8.0,0.0,0.0,0.0,0.0,0.0,0.05,0.01,0.07,0.05,0.07
198.0,Anthony Gordon,ENG,AT,Newcastle Utd,24.0,2001,26.0,25.0,2108.0,23.4,6.0,5.0,11.0,5.0,1.0,2.0,2.0,0.0,7.8,6.3,4.9,11.2,104.0,88.0,187.0,0.26,0.21,0.47,0.21,0.43,0.34,0.21,0.54,0.27,0.48
199.0,Ryan Gravenberch,NED,MT,Liverpool,22.0,2002,29.0,29.0,2471.0,27.5,0.0,2.0,2.0,0.0,0.0,0.0,5.0,0.0,0.9,0.9,2.8,3.7,54.0,138.0,44.0,0.0,0.07,0.07,0.0,0.07,0.03,0.1,0.13,0.03,0.13
200.0,Archie Gray,ENG,"DF,MT",Tottenham,19.0,2006,21.0,13.0,1245.0,13.8,0.0,0.0,0.0,0.0,0.0,0.0,0.0,0.0,0.0,0.0,0.1,0.1,4.0,27.0,7.0,0.0,0.0,0.0,0.0,0.0,0.0,0.01,0.01,0.0,0.01
201.0,Jack Grealish,ENG,"AT,MT",Manchester City,29.0,1995,16.0,6.0,609.0,6.8,0.0,1.0,1.0,0.0,0.0,0.0,3.0,0.0,0.8,0.8,1.7,2.4,66.0,43.0,111.0,0.0,0.15,0.15,0.0,0.15,0.12,0.25,0.36,0.12,0.36
202.0,Jacob Greaves,ENG,DF,Ipswich Town,24.0,2000,19.0,19.0,1665.0,18.5,1.0,0.0,1.0,1.0,0.0,0.0,4.0,0.0,1.2,1.2,0.0,1.3,6.0,48.0,4.0,0.05,0.0,0.05,0.05,0.05,0.07,0.0,0.07,0.07,0.07
203.0,Albert Grønbaek,DEN,"AT,MT",Southampton,23.0,2001,4.0,2.0,143.0,1.6,0.0,0.0,0.0,0.0,0.0,0.0,0.0,0.0,0.1,0.1,0.0,0.1,1.0,1.0,3.0,0.0,0.0,0.0,0.0,0.0,0.07,0.01,0.08,0.07,0.08
204.0,Brajan Gruda,GER,"AT,MT",Brighton,20.0,2004,13.0,5.0,387.0,4.3,0.0,1.0,1.0,0.0,0.0,0.0,0.0,0.0,0.3,0.3,0.6,0.9,14.0,14.0,41.0,0.0,0.23,0.23,0.0,0.23,0.07,0.15,0.22,0.07,0.22
205.0,Gonçalo Guedes,POR,"MT,AT",Wolves,28.0,1996,24.0,7.0,770.0,8.6,2.0,4.0,6.0,2.0,0.0,0.0,1.0,0.0,2.2,2.2,1.1,3.3,31.0,30.0,58.0,0.23,0.47,0.7,0.23,0.7,0.25,0.13,0.38,0.25,0.38
206.0,Marc Guéhi,ENG,DF,Crystal Palace,24.0,2000,27.0,27.0,2430.0,27.0,3.0,2.0,5.0,3.0,0.0,0.0,7.0,0.0,1.6,1.6,1.1,2.7,15.0,109.0,8.0,0.11,0.07,0.19,0.11,0.19,0.06,0.04,0.1,0.06,0.1
207.0,Luis Guilherme,BRA,"MT,AT",West Ham,19.0,2006,7.0,0.0,57.0,0.6,0.0,0.0,0.0,0.0,0.0,0.0,0.0,0.0,0.0,0.0,0.0,0.1,1.0,2.0,6.0,0.0,0.0,0.0,0.0,0.0,0.05,0.08,0.13,0.05,0.13
208.0,Bruno Guimarães,BRA,MT,Newcastle Utd,27.0,1997,28.0,28.0,2423.0,26.9,3.0,6.0,9.0,3.0,0.0,0.0,4.0,0.0,2.8,2.8,5.1,7.9,39.0,197.0,63.0,0.11,0.22,0.33,0.11,0.33,0.1,0.19,0.29,0.1,0.29
209.0,Marc Guiu,ESP,AT,Chelsea,19.0,2006,3.0,0.0,73.0,0.8,0.0,0.0,0.0,0.0,0.0,0.0,0.0,0.0,0.0,0.0,0.0,0.0,0.0,0.0,3.0,0.0,0.0,0.0,0.0,0.0,0.0,0.04,0.04,0.0,0.04
210.0,İlkay Gündoğan,GER,MT,Manchester City,34.0,1990,25.0,17.0,1535.0,17.1,0.0,3.0,3.0,0.0,0.0,0.0,1.0,0.0,1.7,1.7,2.3,4.1,40.0,98.0,63.0,0.0,0.18,0.18,0.0,0.18,0.1,0.14,0.24,0.1,0.24
211.0,Malo Gusto,FRA,DF,Chelsea,21.0,2003,24.0,17.0,1551.0,17.2,0.0,1.0,1.0,0.0,0.0,0.0,3.0,0.0,1.6,1.6,1.0,2.5,39.0,92.0,73.0,0.0,0.06,0.06,0.0,0.06,0.09,0.06,0.15,0.09,0.15
212.0,Joško Gvardiol,CRO,DF,Manchester City,23.0,2002,28.0,27.0,2468.0,27.4,5.0,0.0,5.0,5.0,0.0,0.0,1.0,0.0,4.2,3.8,1.9,5.8,73.0,205.0,95.0,0.18,0.0,0.18,0.18,0.18,0.15,0.07,0.22,0.14,0.21
213.0,Erling Haaland,NOR,AT,Manchester City,24.0,2000,28.0,28.0,2480.0,27.6,21.0,3.0,24.0,19.0,2.0,3.0,2.0,0.0,20.8,18.4,2.8,21.2,19.0,18.0,103.0,0.76,0.11,0.87,0.69,0.8,0.76,0.1,0.86,0.67,0.77
214.0,Lewis Hall,ENG,DF,Newcastle Utd,20.0,2004,27.0,24.0,2189.0,24.3,0.0,4.0,4.0,0.0,0.0,0.0,3.0,0.0,0.4,0.4,4.3,4.7,41.0,123.0,80.0,0.0,0.16,0.16,0.0,0.16,0.02,0.18,0.19,0.02,0.19
215.0,Ali Al Hamadi,IRQ,AT,Ipswich Town,23.0,2002,11.0,0.0,134.0,1.5,0.0,0.0,0.0,0.0,0.0,0.0,3.0,0.0,0.4,0.4,0.1,0.4,4.0,3.0,14.0,0.0,0.0,0.0,0.0,0.0,0.24,0.05,0.28,0.24,0.28
216.0,Marcus Harness,ENG,MT,Ipswich Town,29.0,1996,2.0,0.0,45.0,0.5,0.0,0.0,0.0,0.0,0.0,0.0,0.0,0.0,0.0,0.0,0.0,0.0,0.0,2.0,1.0,0.0,0.0,0.0,0.0,0.0,0.0,0.0,0.0,0.0,0.0
217.0,Jack Harrison,ENG,AT,Everton,28.0,1996,25.0,17.0,1504.0,16.7,1.0,0.0,1.0,1.0,0.0,0.0,0.0,0.0,3.1,3.1,3.2,6.3,45.0,36.0,90.0,0.06,0.0,0.06,0.06,0.06,0.18,0.19,0.37,0.18,0.37
218.0,Taylor Harwood-Bellis,ENG,DF,Southampton,23.0,2002,26.0,24.0,2120.0,23.6,1.0,0.0,1.0,1.0,0.0,0.0,7.0,0.0,1.7,1.7,0.8,2.5,25.0,102.0,8.0,0.04,0.0,0.04,0.04,0.04,0.07,0.03,0.11,0.07,0.11
219.0,Kai Havertz,GER,"AT,MT",Arsenal,25.0,1999,21.0,21.0,1839.0,20.4,9.0,3.0,12.0,9.0,0.0,0.0,4.0,0.0,9.4,9.4,2.4,11.8,34.0,59.0,110.0,0.44,0.15,0.59,0.44,0.59,0.46,0.12,0.58,0.46,0.58
220.0,Ayden Heaven,ENG,DF,Manchester Utd,18.0,2006,2.0,1.0,95.0,1.1,0.0,0.0,0.0,0.0,0.0,0.0,0.0,0.0,0.0,0.0,0.0,0.0,1.0,2.0,1.0,0.0,0.0,0.0,0.0,0.0,0.0,0.0,0.0,0.0,0.0
221.0,Jan Paul van Hecke,NED,DF,Brighton,24.0,2000,27.0,26.0,2330.0,25.9,1.0,1.0,2.0,1.0,0.0,0.0,5.0,0.0,1.2,1.2,1.5,2.7,45.0,184.0,5.0,0.04,0.04,0.08,0.04,0.08,0.05,0.06,0.1,0.05,0.1
222.0,Hwang Hee-chan,KOR,"MT,AT",Wolves,29.0,1996,18.0,5.0,637.0,7.1,2.0,0.0,2.0,2.0,0.0,0.0,0.0,0.0,0.8,0.8,0.1,0.9,14.0,11.0,40.0,0.28,0.0,0.28,0.28,0.28,0.11,0.02,0.13,0.11,0.13
223.0,Dean Henderson,ENG,GB,Crystal Palace,28.0,1997,28.0,28.0,2520.0,28.0,0.0,0.0,0.0,0.0,0.0,0.0,3.0,0.0,0.0,0.0,0.0,0.0,0.0,0.0,0.0,0.0,0.0,0.0,0.0,0.0,0.0,0.0,0.0,0.0,0.0
224.0,Rico Henry,ENG,DF,Brentford,27.0,1997,1.0,0.0,4.0,0.0,0.0,0.0,0.0,0.0,0.0,0.0,0.0,0.0,0.0,0.0,0.0,0.0,0.0,0.0,1.0,0.0,0.0,0.0,0.0,0.0,0.0,0.0,0.0,0.0,0.0
225.0,Mads Hermansen,DEN,GB,Leicester City,24.0,2000,22.0,22.0,1935.0,21.5,0.0,0.0,0.0,0.0,0.0,0.0,0.0,0.0,0.0,0.0,0.0,0.0,0.0,1.0,0.0,0.0,0.0,0.0,0.0,0.0,0.0,0.0,0.0,0.0,0.0
226.0,Son Heung-min,KOR,AT,Tottenham,32.0,1992,26.0,21.0,1858.0,20.6,7.0,9.0,16.0,6.0,1.0,2.0,1.0,0.0,6.5,4.9,8.1,13.0,81.0,95.0,233.0,0.34,0.44,0.78,0.29,0.73,0.32,0.39,0.71,0.24,0.63
227.0,James Hill,ENG,DF,Bournemouth,23.0,2002,9.0,6.0,424.0,4.7,0.0,1.0,1.0,0.0,0.0,0.0,1.0,0.0,0.3,0.3,0.2,0.5,2.0,13.0,8.0,0.0,0.21,0.21,0.0,0.21,0.06,0.05,0.11,0.06,0.11
228.0,Jack Hinshelwood,ENG,"DF,MT",Brighton,19.0,2005,17.0,15.0,1255.0,13.9,2.0,0.0,2.0,2.0,0.0,0.0,3.0,0.0,1.4,1.4,0.8,2.1,13.0,45.0,34.0,0.14,0.0,0.14,0.14,0.14,0.1,0.05,0.15,0.1,0.15
229.0,George Hirst,SCO,AT,Ipswich Town,26.0,1999,17.0,1.0,271.0,3.0,2.0,1.0,3.0,2.0,0.0,0.0,1.0,0.0,1.1,1.1,0.3,1.3,5.0,9.0,20.0,0.66,0.33,1.0,0.66,1.0,0.36,0.09,0.44,0.36,0.44
230.0,Rasmus Højlund,DEN,AT,Manchester Utd,22.0,2003,24.0,17.0,1434.0,15.9,3.0,0.0,3.0,3.0,0.0,0.0,2.0,0.0,3.0,3.0,1.1,4.1,23.0,14.0,71.0,0.19,0.0,0.19,0.19,0.19,0.18,0.07,0.26,0.18,0.26
231.0,Mason Holgate,ENG,"AT,DF",Everton,28.0,1996,1.0,0.0,6.0,0.1,0.0,0.0,0.0,0.0,0.0,0.0,0.0,0.0,0.0,0.0,0.0,0.0,0.0,0.0,0.0,0.0,0.0,0.0,0.0,0.0,0.0,0.0,0.0,0.0,0.0
232.0,Callum Hudson-Odoi,ENG,"AT,MT",Nott'ham Forest,24.0,2000,25.0,22.0,1894.0,21.0,5.0,2.0,7.0,5.0,0.0,0.0,2.0,0.0,2.2,2.2,2.4,4.5,107.0,59.0,170.0,0.24,0.1,0.33,0.24,0.33,0.1,0.11,0.21,0.1,0.21
233.0,Will Hughes,ENG,MT,Crystal Palace,29.0,1995,24.0,19.0,1641.0,18.2,0.0,3.0,3.0,0.0,0.0,0.0,10.0,0.0,0.9,0.9,2.5,3.4,18.0,79.0,24.0,0.0,0.16,0.16,0.0,0.16,0.05,0.14,0.19,0.05,0.19
234.0,Dean Huijsen,ESP,DF,Bournemouth,19.0,2005,23.0,18.0,1694.0,18.8,2.0,0.0,2.0,2.0,0.0,0.0,6.0,0.0,1.6,1.6,1.1,2.8,26.0,79.0,4.0,0.11,0.0,0.11,0.11,0.11,0.09,0.06,0.15,0.09,0.15
235.0,Omari Hutchinson,ENG,"MT,AT",Ipswich Town,21.0,2003,27.0,26.0,2223.0,24.7,3.0,2.0,5.0,3.0,0.0,0.0,5.0,0.0,2.3,2.3,2.5,4.8,71.0,69.0,131.0,0.12,0.08,0.2,0.12,0.2,0.09,0.1,0.19,0.09,0.19
236.0,Igor,BRA,DF,Brighton,27.0,1998,12.0,9.0,903.0,10.0,0.0,0.0,0.0,0.0,0.0,0.0,4.0,0.0,0.0,0.0,0.2,0.2,9.0,44.0,0.0,0.0,0.0,0.0,0.0,0.0,0.0,0.02,0.02,0.0,0.02
237.0,Danny Ings,ENG,"AT,MT",West Ham,32.0,1992,15.0,1.0,284.0,3.2,1.0,2.0,3.0,1.0,0.0,0.0,0.0,0.0,2.3,2.3,1.3,3.5,6.0,5.0,29.0,0.32,0.63,0.95,0.32,0.95,0.72,0.41,1.12,0.72,1.12
238.0,Tim Iroegbunam,ENG,MT,Everton,21.0,2003,13.0,4.0,477.0,5.3,0.0,1.0,1.0,0.0,0.0,0.0,3.0,0.0,0.2,0.2,0.2,0.4,7.0,13.0,9.0,0.0,0.19,0.19,0.0,0.19,0.04,0.04,0.08,0.04,0.08
239.0,Andy Irving,SCO,MT,West Ham,24.0,2000,10.0,1.0,166.0,1.8,0.0,0.0,0.0,0.0,0.0,0.0,2.0,0.0,0.1,0.1,0.2,0.4,0.0,9.0,4.0,0.0,0.0,0.0,0.0,0.0,0.06,0.13,0.19,0.06,0.19
240.0,Alexander Isak,SWE,AT,Newcastle Utd,25.0,1999,25.0,25.0,2052.0,22.8,19.0,5.0,24.0,17.0,2.0,2.0,1.0,0.0,15.6,14.0,3.8,17.7,64.0,61.0,164.0,0.83,0.22,1.05,0.75,0.96,0.68,0.17,0.85,0.61,0.78
241.0,Alex Iwobi,NGA,"AT,MT",Fulham,28.0,1996,29.0,28.0,2358.0,26.2,7.0,4.0,11.0,7.0,0.0,0.0,1.0,0.0,3.9,3.9,5.7,9.6,112.0,168.0,199.0,0.27,0.15,0.42,0.27,0.42,0.15,0.22,0.36,0.15,0.36
242.0,Nicolas Jackson,SEN,AT,Chelsea,23.0,2001,23.0,22.0,1736.0,19.3,9.0,5.0,14.0,9.0,0.0,0.0,5.0,0.0,11.4,11.4,4.0,15.4,41.0,27.0,94.0,0.47,0.26,0.73,0.47,0.73,0.59,0.21,0.8,0.59,0.8
243.0,Reece James,ENG,"DF,MT",Chelsea,25.0,1999,11.0,8.0,681.0,7.6,1.0,0.0,1.0,1.0,0.0,0.0,1.0,0.0,0.2,0.2,0.3,0.4,5.0,42.0,7.0,0.13,0.0,0.13,0.13,0.13,0.02,0.04,0.06,0.02,0.06
244.0,Vitaly Janelt,GER,MT,Brentford,26.0,1998,28.0,25.0,2099.0,23.3,1.0,3.0,4.0,1.0,0.0,0.0,3.0,0.0,0.8,0.8,2.2,3.0,17.0,73.0,36.0,0.04,0.13,0.17,0.04,0.17,0.04,0.09,0.13,0.04,0.13
245.0,Vitezslav Jaros,CZE,GB,Liverpool,23.0,2001,1.0,0.0,12.0,0.1,0.0,0.0,0.0,0.0,0.0,0.0,0.0,0.0,0.0,0.0,0.0,0.0,0.0,0.0,0.0,0.0,0.0,0.0,0.0,0.0,0.0,0.0,0.0,0.0,0.0
246.0,Daniel Jebbison,ENG,AT,Bournemouth,21.0,2003,9.0,0.0,70.0,0.8,0.0,0.0,0.0,0.0,0.0,0.0,1.0,0.0,0.2,0.2,0.2,0.4,2.0,3.0,8.0,0.0,0.0,0.0,0.0,0.0,0.27,0.25,0.52,0.27,0.52
247.0,Mathias Jensen,DEN,MT,Brentford,29.0,1996,16.0,8.0,736.0,8.2,0.0,1.0,1.0,0.0,0.0,0.0,1.0,0.0,0.2,0.2,1.5,1.7,6.0,52.0,25.0,0.0,0.12,0.12,0.0,0.12,0.03,0.18,0.21,0.03,0.21
248.0,Gabriel Jesus,BRA,AT,Arsenal,27.0,1997,17.0,6.0,608.0,6.8,3.0,0.0,3.0,3.0,0.0,0.0,4.0,0.0,3.0,3.0,0.7,3.7,15.0,19.0,57.0,0.44,0.0,0.44,0.44,0.44,0.44,0.1,0.54,0.44,0.54
249.0,Raúl Jiménez,MEX,AT,Fulham,33.0,1991,29.0,23.0,1836.0,20.4,10.0,3.0,13.0,7.0,3.0,3.0,3.0,0.0,10.3,7.9,2.8,10.7,29.0,45.0,103.0,0.49,0.15,0.64,0.34,0.49,0.51,0.13,0.64,0.39,0.52
250.0,Kim Jisoo,KOR,DF,Brentford,20.0,2004,3.0,0.0,30.0,0.3,0.0,0.0,0.0,0.0,0.0,0.0,0.0,0.0,0.0,0.0,0.0,0.0,0.0,2.0,0.0,0.0,0.0,0.0,0.0,0.0,0.0,0.0,0.0,0.0,0.0
251.0,João Pedro,BRA,"AT,MT",Brighton,23.0,2001,23.0,20.0,1699.0,18.9,8.0,6.0,14.0,5.0,3.0,3.0,4.0,0.0,7.1,4.7,4.3,9.0,60.0,65.0,110.0,0.42,0.32,0.74,0.26,0.58,0.37,0.23,0.6,0.25,0.47
252.0,Joelinton,BRA,"MT,AT",Newcastle Utd,28.0,1996,24.0,24.0,2004.0,22.3,4.0,1.0,5.0,4.0,0.0,0.0,9.0,0.0,3.7,3.7,1.6,5.3,35.0,104.0,97.0,0.18,0.04,0.22,0.18,0.22,0.17,0.07,0.24,0.17,0.24
253.0,Ben Johnson,ENG,"DF,AT",Ipswich Town,25.0,2000,17.0,9.0,953.0,10.6,0.0,1.0,1.0,0.0,0.0,0.0,3.0,0.0,0.7,0.7,0.6,1.3,12.0,20.0,20.0,0.0,0.09,0.09,0.0,0.09,0.06,0.06,0.12,0.06,0.12
254.0,Brennan Johnson,WAL,AT,Tottenham,23.0,2001,26.0,20.0,1762.0,19.6,9.0,2.0,11.0,9.0,0.0,0.0,4.0,0.0,9.2,9.2,1.6,10.8,52.0,57.0,169.0,0.46,0.1,0.56,0.46,0.56,0.47,0.08,0.55,0.47,0.55
255.0,Sam Johnstone,ENG,GB,Wolves,32.0,1993,7.0,7.0,630.0,7.0,0.0,0.0,0.0,0.0,0.0,0.0,0.0,0.0,0.0,0.0,0.0,0.0,0.0,0.0,0.0,0.0,0.0,0.0,0.0,0.0,0.0,0.0,0.0,0.0,0.0
256.0,Curtis Jones,ENG,"MT,AT",Liverpool,24.0,2001,24.0,13.0,1167.0,13.0,3.0,3.0,6.0,3.0,0.0,0.0,3.0,1.0,4.0,4.0,0.9,4.9,14.0,65.0,55.0,0.23,0.23,0.46,0.23,0.46,0.31,0.07,0.38,0.31,0.38
257.0,Filip Jørgensen,DEN,GB,Chelsea,22.0,2002,6.0,6.0,540.0,6.0,0.0,0.0,0.0,0.0,0.0,0.0,0.0,0.0,0.0,0.0,0.0,0.0,0.0,0.0,0.0,0.0,0.0,0.0,0.0,0.0,0.0,0.0,0.0,0.0,0.0
258.0,Jorginho,ITA,MT,Arsenal,33.0,1991,12.0,7.0,543.0,6.0,0.0,0.0,0.0,0.0,0.0,0.0,4.0,0.0,0.0,0.0,0.4,0.5,9.0,37.0,3.0,0.0,0.0,0.0,0.0,0.0,0.01,0.07,0.08,0.01,0.08
259.0,Diogo Jota,POR,AT,Liverpool,28.0,1996,18.0,10.0,844.0,9.4,5.0,3.0,8.0,5.0,0.0,0.0,1.0,0.0,6.1,6.1,1.7,7.8,31.0,23.0,67.0,0.53,0.32,0.85,0.53,0.85,0.65,0.19,0.84,0.65,0.84
260.0,James Justin,ENG,DF,Leicester City,27.0,1998,27.0,27.0,2273.0,25.3,2.0,1.0,3.0,2.0,0.0,0.0,3.0,0.0,1.5,1.5,0.5,2.0,34.0,69.0,84.0,0.08,0.04,0.12,0.08,0.12,0.06,0.02,0.08,0.06,0.08
261.0,Ferdi Kadioglu,TUR,"DF,MT",Brighton,25.0,1999,6.0,5.0,385.0,4.3,1.0,0.0,1.0,1.0,0.0,0.0,1.0,0.0,0.4,0.4,0.2,0.6,1.0,15.0,27.0,0.23,0.0,0.23,0.23,0.23,0.1,0.04,0.14,0.1,0.14
262.0,Daichi Kamada,JPN,MT,Crystal Palace,28.0,1996,24.0,10.0,986.0,11.0,0.0,0.0,0.0,0.0,0.0,0.0,2.0,1.0,0.8,0.8,1.1,1.9,17.0,58.0,41.0,0.0,0.0,0.0,0.0,0.0,0.08,0.1,0.18,0.08,0.18
263.0,Boubacar Kamara,FRA,MT,Aston Villa,25.0,1999,17.0,13.0,1081.0,12.0,0.0,0.0,0.0,0.0,0.0,0.0,2.0,0.0,0.3,0.3,0.3,0.5,11.0,57.0,3.0,0.0,0.0,0.0,0.0,0.0,0.02,0.02,0.04,0.02,0.04
264.0,Michael Kayode,ITA,DF,Brentford,20.0,2004,4.0,0.0,33.0,0.4,0.0,0.0,0.0,0.0,0.0,0.0,0.0,0.0,0.0,0.0,0.2,0.2,2.0,1.0,6.0,0.0,0.0,0.0,0.0,0.0,0.0,0.41,0.41,0.0,0.41
265.0,Michael Keane,ENG,DF,Everton,32.0,1993,10.0,9.0,813.0,9.0,2.0,0.0,2.0,2.0,0.0,0.0,4.0,0.0,0.4,0.4,0.1,0.5,1.0,12.0,3.0,0.22,0.0,0.22,0.22,0.22,0.05,0.01,0.06,0.05,0.06
266.0,Caoimhín Kelleher,IRL,GB,Liverpool,26.0,1998,8.0,8.0,720.0,8.0,0.0,0.0,0.0,0.0,0.0,0.0,0.0,0.0,0.0,0.0,0.0,0.0,0.0,0.0,0.0,0.0,0.0,0.0,0.0,0.0,0.0,0.0,0.0,0.0,0.0
267.0,Lloyd Kelly,ENG,DF,Newcastle Utd,26.0,1998,10.0,4.0,303.0,3.4,0.0,1.0,1.0,0.0,0.0,0.0,2.0,0.0,0.4,0.4,0.5,0.9,0.0,9.0,5.0,0.0,0.3,0.3,0.0,0.3,0.12,0.14,0.26,0.12,0.26
268.0,Milos Kerkez,HUN,DF,Bournemouth,21.0,2003,29.0,29.0,2537.0,28.2,2.0,5.0,7.0,2.0,0.0,0.0,4.0,0.0,0.5,0.4,3.2,3.6,74.0,121.0,141.0,0.07,0.18,0.25,0.07,0.25,0.02,0.11,0.13,0.02,0.13
269.0,Bilal El Khannouss,MAR,MT,Leicester City,20.0,2004,24.0,19.0,1526.0,17.0,2.0,1.0,3.0,2.0,0.0,0.0,3.0,0.0,0.7,0.7,2.3,2.9,49.0,94.0,64.0,0.12,0.06,0.18,0.12,0.18,0.04,0.13,0.17,0.04,0.17
270.0,Abdukodir Khusanov,UZB,DF,Manchester City,21.0,2004,6.0,6.0,503.0,5.6,0.0,0.0,0.0,0.0,0.0,0.0,1.0,0.0,0.0,0.0,0.1,0.1,1.0,25.0,2.0,0.0,0.0,0.0,0.0,0.0,0.0,0.02,0.02,0.0,0.02
271.0,Max Kilman,ENG,DF,West Ham,27.0,1997,29.0,29.0,2538.0,28.2,0.0,1.0,1.0,0.0,0.0,0.0,3.0,0.0,1.4,1.4,1.0,2.4,25.0,95.0,5.0,0.0,0.04,0.04,0.0,0.04,0.05,0.04,0.09,0.05,0.09
272.0,Joshua King,ENG,"MT,AT",Fulham,18.0,2007,5.0,1.0,80.0,0.9,0.0,0.0,0.0,0.0,0.0,0.0,0.0,0.0,0.2,0.2,0.4,0.6,1.0,4.0,9.0,0.0,0.0,0.0,0.0,0.0,0.22,0.48,0.7,0.22,0.7
273.0,Antonín Kinský,CZE,GB,Tottenham,22.0,2003,4.0,4.0,360.0,4.0,0.0,0.0,0.0,0.0,0.0,0.0,0.0,0.0,0.0,0.0,0.1,0.1,1.0,1.0,0.0,0.0,0.0,0.0,0.0,0.0,0.0,0.02,0.02,0.0,0.02
274.0,Jakub Kiwior,POL,DF,Arsenal,25.0,2000,8.0,2.0,327.0,3.6,0.0,0.0,0.0,0.0,0.0,0.0,0.0,0.0,0.0,0.0,0.1,0.1,1.0,8.0,0.0,0.0,0.0,0.0,0.0,0.0,0.0,0.02,0.02,0.0,0.02
275.0,Justin Kluivert,NED,"MT,AT",Bournemouth,25.0,1999,28.0,24.0,1936.0,21.5,12.0,6.0,18.0,6.0,6.0,6.0,6.0,0.0,9.9,5.1,4.7,9.9,64.0,88.0,132.0,0.56,0.28,0.84,0.28,0.56,0.46,0.22,0.68,0.24,0.46
276.0,Ibrahima Konaté,FRA,DF,Liverpool,25.0,1999,23.0,22.0,1894.0,21.0,1.0,2.0,3.0,1.0,0.0,0.0,5.0,0.0,1.1,1.1,0.9,2.0,18.0,87.0,2.0,0.05,0.1,0.14,0.05,0.14,0.05,0.04,0.09,0.05,0.09
277.0,Ezri Konsa,ENG,DF,Aston Villa,27.0,1997,25.0,25.0,2171.0,24.1,1.0,0.0,1.0,1.0,0.0,0.0,0.0,0.0,0.7,0.7,0.2,0.8,16.0,59.0,11.0,0.04,0.0,0.04,0.04,0.04,0.03,0.01,0.03,0.03,0.03
278.0,Mateo Kovačić,CRO,MT,Manchester City,30.0,1994,24.0,19.0,1681.0,18.7,4.0,1.0,5.0,4.0,0.0,0.0,5.0,0.0,1.4,1.4,3.4,4.8,44.0,122.0,14.0,0.21,0.05,0.27,0.21,0.27,0.08,0.18,0.26,0.08,0.26
279.0,Caleb Kporha,ENG,DF,Crystal Palace,18.0,2006,2.0,0.0,13.0,0.1,0.0,0.0,0.0,0.0,0.0,0.0,0.0,0.0,0.0,0.0,0.0,0.0,1.0,0.0,0.0,0.0,0.0,0.0,0.0,0.0,0.0,0.0,0.0,0.0,0.0
280.0,Emil Krafth,SWE,DF,Newcastle Utd,30.0,1994,4.0,2.0,242.0,2.7,0.0,0.0,0.0,0.0,0.0,0.0,0.0,0.0,0.0,0.0,0.1,0.1,0.0,1.0,0.0,0.0,0.0,0.0,0.0,0.0,0.01,0.03,0.05,0.01,0.05
281.0,Mohammed Kudus,GHA,"MT,AT",West Ham,24.0,2000,24.0,24.0,1994.0,22.2,3.0,1.0,4.0,3.0,0.0,0.0,0.0,1.0,5.9,5.9,2.1,8.0,79.0,64.0,167.0,0.14,0.05,0.18,0.14,0.18,0.26,0.1,0.36,0.26,0.36
282.0,Dejan Kulusevski,SWE,"MT,AT",Tottenham,24.0,2000,27.0,24.0,2154.0,23.9,7.0,4.0,11.0,7.0,0.0,0.0,3.0,0.0,4.1,4.1,6.1,10.2,115.0,118.0,199.0,0.29,0.17,0.46,0.29,0.46,0.17,0.25,0.43,0.17,0.43
283.0,Maxence Lacroix,FRA,DF,Crystal Palace,24.0,2000,25.0,25.0,2245.0,24.9,1.0,1.0,2.0,1.0,0.0,0.0,4.0,0.0,2.5,2.5,0.4,2.9,8.0,51.0,5.0,0.04,0.04,0.08,0.04,0.08,0.1,0.02,0.12,0.1,0.12
284.0,Adam Lallana,ENG,MT,Southampton,36.0,1988,14.0,5.0,361.0,4.0,0.0,2.0,2.0,0.0,0.0,0.0,4.0,0.0,0.2,0.2,0.9,1.1,6.0,24.0,10.0,0.0,0.5,0.5,0.0,0.5,0.04,0.23,0.27,0.04,0.27
285.0,Tariq Lamptey,GHA,DF,Brighton,24.0,2000,13.0,9.0,765.0,8.5,2.0,2.0,4.0,2.0,0.0,0.0,0.0,0.0,0.4,0.4,0.8,1.2,25.0,12.0,40.0,0.24,0.24,0.47,0.24,0.47,0.05,0.09,0.14,0.05,0.14
286.0,Will Lankshear,ENG,"AT,MT",Tottenham,19.0,2005,3.0,0.0,11.0,0.1,0.0,0.0,0.0,0.0,0.0,0.0,0.0,0.0,0.0,0.0,0.0,0.0,0.0,0.0,1.0,0.0,0.0,0.0,0.0,0.0,0.0,0.0,0.0,0.0,0.0
287.0,Roméo Lavia,BEL,MT,Chelsea,21.0,2004,11.0,8.0,541.0,6.0,0.0,1.0,1.0,0.0,0.0,0.0,4.0,0.0,0.2,0.2,0.7,0.9,3.0,18.0,6.0,0.0,0.17,0.17,0.0,0.17,0.03,0.11,0.14,0.03,0.14
288.0,Mario Lemina,GAB,"MT,DF",Wolves,31.0,1993,17.0,15.0,1364.0,15.2,1.0,3.0,4.0,1.0,0.0,0.0,4.0,0.0,1.4,1.4,1.1,2.5,8.0,48.0,21.0,0.07,0.2,0.26,0.07,0.26,0.09,0.07,0.17,0.09,0.17
289.0,Bernd Leno,GER,GB,Fulham,33.0,1992,29.0,29.0,2610.0,29.0,0.0,1.0,1.0,0.0,0.0,0.0,3.0,0.0,0.0,0.0,0.1,0.1,0.0,0.0,0.0,0.0,0.03,0.03,0.0,0.03,0.0,0.0,0.0,0.0,0.0
290.0,Jefferson Lerma,COL,MT,Crystal Palace,30.0,1994,23.0,18.0,1541.0,17.1,0.0,0.0,0.0,0.0,0.0,0.0,5.0,0.0,0.9,0.9,1.4,2.4,9.0,75.0,24.0,0.0,0.0,0.0,0.0,0.0,0.06,0.08,0.14,0.06,0.14
291.0,Rico Lewis,ENG,"DF,MT",Manchester City,20.0,2004,23.0,19.0,1702.0,18.9,1.0,2.0,3.0,1.0,0.0,0.0,5.0,1.0,1.4,1.4,0.3,1.7,36.0,97.0,63.0,0.05,0.11,0.16,0.05,0.16,0.07,0.02,0.09,0.07,0.09
292.0,Keane Lewis-Potter,ENG,"DF,AT",Brentford,24.0,2001,29.0,27.0,2369.0,26.3,1.0,2.0,3.0,1.0,0.0,0.0,4.0,0.0,2.5,2.5,2.0,4.5,86.0,82.0,129.0,0.04,0.08,0.11,0.04,0.11,0.09,0.08,0.17,0.09,0.17
293.0,Myles Lewis-Skelly,ENG,DF,Arsenal,18.0,2006,14.0,9.0,766.0,8.5,1.0,0.0,1.0,1.0,0.0,0.0,2.0,2.0,0.0,0.0,0.2,0.2,15.0,37.0,19.0,0.12,0.0,0.12,0.12,0.12,0.0,0.02,0.03,0.0,0.03
294.0,Matthijs de Ligt,NED,DF,Manchester Utd,25.0,1999,27.0,23.0,1999.0,22.2,2.0,0.0,2.0,2.0,0.0,0.0,3.0,0.0,2.3,2.3,0.3,2.6,7.0,52.0,6.0,0.09,0.0,0.09,0.09,0.09,0.1,0.01,0.12,0.1,0.12
295.0,Pedro Lima,BRA,DF,Wolves,18.0,2006,3.0,1.0,70.0,0.8,0.0,0.0,0.0,0.0,0.0,0.0,0.0,0.0,0.1,0.1,0.1,0.1,4.0,4.0,11.0,0.0,0.0,0.0,0.0,0.0,0.07,0.09,0.16,0.07,0.16
296.0,Victor Lindelöf,SWE,DF,Manchester Utd,30.0,1994,8.0,2.0,244.0,2.7,0.0,0.0,0.0,0.0,0.0,0.0,1.0,0.0,0.0,0.0,0.1,0.1,1.0,5.0,1.0,0.0,0.0,0.0,0.0,0.0,0.0,0.03,0.03,0.0,0.03
297.0,Jesper Lindstrøm,DEN,AT,Everton,25.0,2000,25.0,15.0,1239.0,13.8,0.0,1.0,1.0,0.0,0.0,0.0,2.0,0.0,2.1,2.1,2.0,4.1,30.0,25.0,81.0,0.0,0.07,0.07,0.0,0.07,0.15,0.15,0.3,0.15,0.3
298.0,Valentino Livramento,ENG,DF,Newcastle Utd,22.0,2002,27.0,22.0,1940.0,21.6,0.0,0.0,0.0,0.0,0.0,0.0,1.0,0.0,0.1,0.1,1.1,1.3,50.0,103.0,73.0,0.0,0.0,0.0,0.0,0.0,0.01,0.05,0.06,0.01,0.06
299.0,Sean Longstaff,ENG,MT,Newcastle Utd,27.0,1997,21.0,8.0,746.0,8.3,0.0,0.0,0.0,0.0,0.0,0.0,2.0,0.0,0.6,0.6,0.2,0.8,4.0,38.0,20.0,0.0,0.0,0.0,0.0,0.0,0.07,0.02,0.09,0.07,0.09
300.0,Saša Lukić,SRB,MT,Fulham,28.0,1996,22.0,21.0,1738.0,19.3,0.0,2.0,2.0,0.0,0.0,0.0,10.0,0.0,0.8,0.8,2.6,3.4,30.0,73.0,22.0,0.0,0.1,0.1,0.0,0.1,0.04,0.13,0.17,0.04,0.17
301.0,Joe Lumley,ENG,GB,Southampton,30.0,1995,3.0,3.0,270.0,3.0,0.0,0.0,0.0,0.0,0.0,0.0,0.0,0.0,0.0,0.0,0.0,0.0,0.0,0.0,0.0,0.0,0.0,0.0,0.0,0.0,0.0,0.0,0.0,0.0,0.0
302.0,Massimo Luongo,AUS,MT,Ipswich Town,32.0,1992,7.0,2.0,181.0,2.0,0.0,0.0,0.0,0.0,0.0,0.0,0.0,0.0,0.0,0.0,0.0,0.0,0.0,5.0,1.0,0.0,0.0,0.0,0.0,0.0,0.0,0.0,0.0,0.0,0.0
303.0,Ian Maatsen,NED,DF,Aston Villa,23.0,2002,22.0,4.0,617.0,6.9,0.0,1.0,1.0,0.0,0.0,0.0,2.0,0.0,0.2,0.2,1.6,1.8,19.0,33.0,61.0,0.0,0.15,0.15,0.0,0.15,0.04,0.23,0.27,0.04,0.27
304.0,Alexis Mac Allister,ARG,MT,Liverpool,26.0,1998,28.0,25.0,2111.0,23.5,3.0,3.0,6.0,3.0,0.0,0.0,6.0,0.0,2.3,2.3,3.6,5.9,30.0,146.0,61.0,0.13,0.13,0.26,0.13,0.26,0.1,0.15,0.25,0.1,0.25
305.0,James Maddison,ENG,MT,Tottenham,28.0,1996,27.0,17.0,1524.0,16.9,9.0,5.0,14.0,9.0,0.0,0.0,6.0,0.0,5.7,5.7,3.6,9.3,38.0,140.0,78.0,0.53,0.3,0.83,0.53,0.83,0.34,0.21,0.55,0.34,0.55
306.0,Noni Madueke,ENG,AT,Chelsea,23.0,2002,23.0,19.0,1453.0,16.1,7.0,3.0,10.0,7.0,0.0,0.0,3.0,0.0,7.6,7.6,3.6,11.2,110.0,53.0,179.0,0.43,0.19,0.62,0.43,0.62,0.47,0.22,0.69,0.47,0.69
307.0,Gabriel Magalhães,BRA,DF,Arsenal,27.0,1997,27.0,27.0,2348.0,26.1,3.0,1.0,4.0,3.0,0.0,0.0,4.0,0.0,2.6,2.6,0.9,3.5,10.0,124.0,11.0,0.11,0.04,0.15,0.11,0.15,0.1,0.03,0.13,0.1,0.13
308.0,Edmond-Paris Maghoma,ENG,"MT,AT",Brentford,23.0,2001,7.0,0.0,111.0,1.2,0.0,0.0,0.0,0.0,0.0,0.0,0.0,0.0,0.1,0.1,0.1,0.2,4.0,11.0,4.0,0.0,0.0,0.0,0.0,0.0,0.09,0.09,0.18,0.09,0.18
309.0,Harry Maguire,ENG,DF,Manchester Utd,32.0,1993,20.0,15.0,1358.0,15.1,1.0,0.0,1.0,1.0,0.0,0.0,7.0,0.0,0.8,0.8,0.3,1.1,6.0,42.0,4.0,0.07,0.0,0.07,0.07,0.07,0.05,0.02,0.07,0.05,0.07
310.0,Kobbie Mainoo,ENG,MT,Manchester Utd,19.0,2005,18.0,15.0,1285.0,14.3,0.0,0.0,0.0,0.0,0.0,0.0,5.0,0.0,0.5,0.5,1.5,2.0,19.0,52.0,35.0,0.0,0.0,0.0,0.0,0.0,0.04,0.11,0.14,0.04,0.14
311.0,Tyrell Malacia,NED,DF,Manchester Utd,25.0,1999,3.0,2.0,100.0,1.1,0.0,0.0,0.0,0.0,0.0,0.0,1.0,0.0,0.0,0.0,0.0,0.0,3.0,3.0,6.0,0.0,0.0,0.0,0.0,0.0,0.0,0.03,0.03,0.0,0.03
312.0,Donyell Malen,NED,AT,Aston Villa,26.0,1999,6.0,1.0,170.0,1.9,0.0,0.0,0.0,0.0,0.0,0.0,0.0,0.0,0.6,0.6,0.0,0.6,5.0,3.0,14.0,0.0,0.0,0.0,0.0,0.0,0.3,0.02,0.32,0.3,0.32
313.0,Orel Mangala,BEL,MT,Everton,27.0,1998,19.0,14.0,1261.0,14.0,1.0,0.0,1.0,1.0,0.0,0.0,2.0,0.0,1.1,1.1,0.6,1.8,6.0,34.0,19.0,0.07,0.0,0.07,0.07,0.07,0.08,0.05,0.13,0.08,0.13
314.0,Ryan Manning,IRL,"DF,MT",Southampton,28.0,1996,17.0,12.0,971.0,10.8,0.0,0.0,0.0,0.0,0.0,0.0,2.0,0.0,0.3,0.3,2.4,2.7,11.0,15.0,57.0,0.0,0.0,0.0,0.0,0.0,0.03,0.22,0.25,0.03,0.25
315.0,Solly March,ENG,"MT,AT",Brighton,30.0,1994,4.0,0.0,40.0,0.4,0.0,0.0,0.0,0.0,0.0,0.0,1.0,0.0,0.1,0.1,0.0,0.1,0.0,1.0,1.0,0.0,0.0,0.0,0.0,0.0,0.15,0.0,0.15,0.15,0.15
316.0,Omar Marmoush,EGY,"MT,AT",Manchester City,26.0,1999,7.0,6.0,475.0,5.3,4.0,0.0,4.0,4.0,0.0,0.0,0.0,0.0,1.1,1.1,1.0,2.1,11.0,15.0,34.0,0.76,0.0,0.76,0.76,0.76,0.22,0.19,0.4,0.22,0.4
317.0,Gabriel Martinelli,BRA,"AT,MT",Arsenal,23.0,2001,24.0,17.0,1569.0,17.4,6.0,3.0,9.0,6.0,0.0,0.0,1.0,0.0,4.5,4.5,3.0,7.5,87.0,32.0,199.0,0.34,0.17,0.52,0.34,0.52,0.26,0.17,0.43,0.26,0.43
318.0,Emiliano Martínez,ARG,GB,Aston Villa,32.0,1992,28.0,28.0,2430.0,27.0,0.0,0.0,0.0,0.0,0.0,0.0,2.0,0.0,0.0,0.0,0.0,0.0,0.0,2.0,0.0,0.0,0.0,0.0,0.0,0.0,0.0,0.0,0.0,0.0,0.0
319.0,Lisandro Martínez,ARG,DF,Manchester Utd,27.0,1998,20.0,20.0,1751.0,19.5,2.0,1.0,3.0,2.0,0.0,0.0,7.0,0.0,1.3,1.3,1.1,2.4,23.0,117.0,7.0,0.1,0.05,0.15,0.1,0.15,0.07,0.06,0.13,0.07,0.13
320.0,Pape Matar Sarr,SEN,MT,Tottenham,22.0,2002,27.0,16.0,1396.0,15.5,3.0,2.0,5.0,3.0,0.0,0.0,5.0,0.0,3.1,3.1,1.5,4.7,27.0,72.0,40.0,0.19,0.13,0.32,0.19,0.32,0.2,0.1,0.3,0.2,0.3
321.0,Jean-Philippe Mateta,FRA,AT,Crystal Palace,27.0,1997,27.0,25.0,2132.0,23.7,12.0,2.0,14.0,10.0,2.0,2.0,2.0,0.0,11.3,9.7,3.0,12.7,31.0,42.0,100.0,0.51,0.08,0.59,0.42,0.51,0.48,0.13,0.6,0.41,0.53
322.0,Stephy Mavididi,ENG,AT,Leicester City,26.0,1998,27.0,14.0,1397.0,15.5,3.0,1.0,4.0,3.0,0.0,0.0,2.0,0.0,1.6,1.6,2.4,4.0,75.0,53.0,118.0,0.19,0.06,0.26,0.19,0.26,0.1,0.16,0.26,0.1,0.26
323.0,Konstantinos Mavropanos,GRE,DF,West Ham,27.0,1997,25.0,17.0,1662.0,18.5,0.0,0.0,0.0,0.0,0.0,0.0,4.0,1.0,1.2,1.2,0.5,1.7,15.0,55.0,2.0,0.0,0.0,0.0,0.0,0.0,0.06,0.03,0.09,0.06,0.09
324.0,Noussair Mazraoui,MAR,DF,Manchester Utd,27.0,1997,29.0,26.0,2218.0,24.6,0.0,1.0,1.0,0.0,0.0,0.0,2.0,0.0,0.6,0.6,1.2,1.8,31.0,90.0,44.0,0.0,0.04,0.04,0.0,0.04,0.02,0.05,0.07,0.02,0.07
325.0,Bryan Mbeumo,CMR,AT,Brentford,25.0,1999,29.0,29.0,2604.0,28.9,15.0,5.0,20.0,11.0,4.0,4.0,2.0,0.0,9.0,5.8,6.7,12.5,99.0,109.0,276.0,0.52,0.17,0.69,0.38,0.55,0.31,0.23,0.54,0.2,0.43
326.0,James Mcatee,ENG,"MT,AT",Manchester City,22.0,2002,10.0,0.0,130.0,1.4,2.0,0.0,2.0,2.0,0.0,0.0,0.0,0.0,1.3,1.3,0.0,1.3,4.0,3.0,12.0,1.38,0.0,1.38,1.38,1.38,0.93,0.0,0.93,0.93,0.93
327.0,Kasey McAteer,IRL,"AT,MT",Leicester City,23.0,2001,12.0,4.0,395.0,4.4,0.0,1.0,1.0,0.0,0.0,0.0,1.0,0.0,0.6,0.6,0.4,0.9,13.0,8.0,36.0,0.0,0.23,0.23,0.0,0.23,0.13,0.08,0.21,0.13,0.21
328.0,Alex McCarthy,ENG,GB,Southampton,35.0,1989,5.0,5.0,450.0,5.0,0.0,0.0,0.0,0.0,0.0,0.0,0.0,0.0,0.0,0.0,0.0,0.0,0.0,0.0,0.0,0.0,0.0,0.0,0.0,0.0,0.0,0.0,0.0,0.0,0.0
329.0,John McGinn,SCO,"MT,AT",Aston Villa,30.0,1994,25.0,22.0,1777.0,19.7,0.0,3.0,3.0,0.0,0.0,0.0,6.0,0.0,2.0,2.0,2.7,4.7,26.0,83.0,64.0,0.0,0.15,0.15,0.0,0.15,0.1,0.13,0.24,0.1,0.24
330.0,Dwight McNeil,ENG,"MT,AT",Everton,25.0,1999,13.0,13.0,1140.0,12.7,3.0,3.0,6.0,3.0,0.0,0.0,1.0,0.0,0.9,0.9,3.5,4.4,31.0,60.0,65.0,0.24,0.24,0.47,0.24,0.47,0.07,0.27,0.34,0.07,0.34
331.0,Scott McTominay,SCO,MT,Manchester Utd,28.0,1996,2.0,0.0,19.0,0.2,0.0,0.0,0.0,0.0,0.0,0.0,0.0,0.0,0.1,0.1,0.0,0.1,0.0,1.0,2.0,0.0,0.0,0.0,0.0,0.0,0.33,0.0,0.33,0.33,0.33
332.0,Ben Mee,ENG,DF,Brentford,35.0,1989,7.0,2.0,183.0,2.0,0.0,0.0,0.0,0.0,0.0,0.0,2.0,0.0,0.0,0.0,0.0,0.0,3.0,11.0,2.0,0.0,0.0,0.0,0.0,0.0,0.0,0.0,0.0,0.0,0.0
333.0,Jayden Meghoma,ENG,DF,Brentford,18.0,2006,1.0,0.0,5.0,0.1,0.0,0.0,0.0,0.0,0.0,0.0,0.0,0.0,0.0,0.0,0.0,0.0,0.0,0.0,0.0,0.0,0.0,0.0,0.0,0.0,0.0,0.0,0.0,0.0,0.0
334.0,Mikel Merino,ESP,"MT,AT",Arsenal,28.0,1996,21.0,12.0,1149.0,12.8,5.0,1.0,6.0,5.0,0.0,0.0,2.0,0.0,3.7,3.7,1.4,5.1,7.0,53.0,70.0,0.39,0.08,0.47,0.39,0.47,0.29,0.11,0.4,0.29,0.4
335.0,Shumaira Mheuka,ENG,MT,Chelsea,17.0,2007,1.0,0.0,1.0,0.0,0.0,0.0,0.0,0.0,0.0,0.0,0.0,0.0,0.1,0.1,0.0,0.1,0.0,0.0,0.0,0.0,0.0,0.0,0.0,0.0,5.06,0.0,5.06,5.06,5.06
336.0,Nikola Milenković,SRB,DF,Nott'ham Forest,27.0,1997,28.0,28.0,2520.0,28.0,4.0,2.0,6.0,4.0,0.0,0.0,4.0,0.0,3.5,3.5,0.8,4.3,2.0,41.0,5.0,0.14,0.07,0.21,0.14,0.21,0.13,0.03,0.15,0.13,0.15
337.0,Lewis Miley,ENG,MT,Newcastle Utd,18.0,2006,8.0,1.0,192.0,2.1,1.0,0.0,1.0,1.0,0.0,0.0,0.0,0.0,0.5,0.5,0.0,0.6,1.0,12.0,4.0,0.47,0.0,0.47,0.47,0.47,0.25,0.01,0.27,0.25,0.27
338.0,James Milner,ENG,MT,Brighton,39.0,1986,3.0,3.0,169.0,1.9,0.0,0.0,0.0,0.0,0.0,0.0,1.0,0.0,0.2,0.2,0.2,0.4,1.0,10.0,10.0,0.0,0.0,0.0,0.0,0.0,0.09,0.12,0.21,0.09,0.21
339.0,Tyrone Mings,ENG,DF,Aston Villa,32.0,1993,10.0,8.0,781.0,8.7,0.0,0.0,0.0,0.0,0.0,0.0,1.0,0.0,0.6,0.6,0.2,0.8,3.0,29.0,0.0,0.0,0.0,0.0,0.0,0.0,0.07,0.02,0.09,0.07,0.09
340.0,Yankuba Minteh,GAM,"AT,MT",Brighton,20.0,2004,24.0,13.0,1266.0,14.1,5.0,3.0,8.0,5.0,0.0,0.0,6.0,0.0,3.3,3.3,4.0,7.3,57.0,27.0,136.0,0.36,0.21,0.57,0.36,0.57,0.23,0.28,0.52,0.23,0.52
341.0,Tyrick Mitchell,ENG,DF,Crystal Palace,25.0,1999,28.0,28.0,2400.0,26.7,0.0,4.0,4.0,0.0,0.0,0.0,2.0,0.0,1.2,1.2,5.3,6.5,49.0,54.0,136.0,0.0,0.15,0.15,0.0,0.15,0.05,0.2,0.25,0.05,0.25
342.0,Kaoru Mitoma,JPN,"AT,MT",Brighton,27.0,1997,29.0,26.0,2315.0,25.7,7.0,3.0,10.0,7.0,0.0,0.0,1.0,0.0,7.3,7.3,4.3,11.6,127.0,75.0,258.0,0.27,0.12,0.39,0.27,0.39,0.28,0.17,0.45,0.28,0.45
343.0,Jakub Moder,POL,MT,Brighton,25.0,1999,4.0,0.0,11.0,0.1,0.0,0.0,0.0,0.0,0.0,0.0,0.0,0.0,0.0,0.0,0.2,0.2,2.0,4.0,0.0,0.0,0.0,0.0,0.0,0.0,0.0,1.45,1.45,0.0,1.45
344.0,Mikey Moore,ENG,"AT,MT",Tottenham,17.0,2007,7.0,2.0,185.0,2.1,0.0,1.0,1.0,0.0,0.0,0.0,0.0,0.0,0.2,0.2,0.3,0.5,9.0,7.0,30.0,0.0,0.49,0.49,0.0,0.49,0.1,0.16,0.26,0.1,0.26
345.0,Morato,BRA,DF,Nott'ham Forest,23.0,2001,20.0,4.0,629.0,7.0,0.0,0.0,0.0,0.0,0.0,0.0,1.0,0.0,0.1,0.1,0.0,0.1,0.0,13.0,1.0,0.0,0.0,0.0,0.0,0.0,0.01,0.0,0.01,0.01,0.01
346.0,Álex Moreno,ESP,DF,Nott'ham Forest,31.0,1993,13.0,10.0,813.0,9.0,0.0,1.0,1.0,0.0,0.0,0.0,2.0,0.0,0.2,0.2,1.0,1.1,24.0,29.0,28.0,0.0,0.11,0.11,0.0,0.11,0.02,0.11,0.12,0.02,0.12
347.0,Sam Morsy,EGY,MT,Ipswich Town,33.0,1991,24.0,22.0,1979.0,22.0,1.0,1.0,2.0,1.0,0.0,0.0,8.0,0.0,0.3,0.3,0.7,1.0,13.0,90.0,9.0,0.05,0.05,0.09,0.05,0.09,0.01,0.03,0.05,0.01,0.05
348.0,Yerson Mosquera,COL,DF,Wolves,23.0,2001,5.0,5.0,441.0,4.9,0.0,0.0,0.0,0.0,0.0,0.0,2.0,0.0,0.3,0.3,0.1,0.4,0.0,7.0,0.0,0.0,0.0,0.0,0.0,0.0,0.07,0.02,0.09,0.07,0.09
349.0,Mason Mount,ENG,"MT,AT",Manchester Utd,26.0,1999,8.0,4.0,247.0,2.7,0.0,0.0,0.0,0.0,0.0,0.0,2.0,0.0,0.4,0.4,0.1,0.5,2.0,8.0,5.0,0.0,0.0,0.0,0.0,0.0,0.14,0.04,0.18,0.14,0.18
350.0,Divin Mubama,ENG,AT,Manchester City,20.0,2004,1.0,0.0,28.0,0.3,0.0,0.0,0.0,0.0,0.0,0.0,0.0,0.0,0.0,0.0,0.0,0.0,0.0,1.0,0.0,0.0,0.0,0.0,0.0,0.0,0.12,0.0,0.12,0.12,0.12
351.0,Mykhailo Mudryk,UKR,AT,Chelsea,24.0,2001,7.0,1.0,151.0,1.7,0.0,0.0,0.0,0.0,0.0,0.0,0.0,0.0,0.3,0.3,1.0,1.2,7.0,5.0,12.0,0.0,0.0,0.0,0.0,0.0,0.15,0.58,0.73,0.15,0.73
352.0,Marshall Munetsi,ZIM,"MT,AT",Wolves,28.0,1996,5.0,4.0,338.0,3.8,1.0,1.0,2.0,1.0,0.0,0.0,0.0,0.0,1.9,1.9,0.8,2.8,1.0,5.0,13.0,0.27,0.27,0.53,0.27,0.53,0.51,0.22,0.73,0.51,0.73
353.0,Rodrigo Muniz,BRA,AT,Fulham,23.0,2001,28.0,6.0,819.0,9.1,6.0,1.0,7.0,6.0,0.0,0.0,1.0,0.0,4.7,4.7,0.7,5.4,4.0,23.0,29.0,0.66,0.11,0.77,0.66,0.77,0.52,0.08,0.6,0.52,0.6
354.0,Daniel Muñoz,COL,DF,Crystal Palace,28.0,1996,27.0,27.0,2343.0,26.0,3.0,4.0,7.0,3.0,0.0,0.0,7.0,0.0,4.1,4.1,3.8,7.9,37.0,63.0,160.0,0.12,0.15,0.27,0.12,0.27,0.16,0.15,0.3,0.16,0.3
355.0,Arijanet Muric,KVX,GB,Ipswich Town,26.0,1998,18.0,18.0,1620.0,18.0,0.0,0.0,0.0,0.0,0.0,0.0,1.0,0.0,0.0,0.0,0.0,0.0,0.0,1.0,0.0,0.0,0.0,0.0,0.0,0.0,0.0,0.0,0.0,0.0,0.0
356.0,Murillo,BRA,DF,Nott'ham Forest,22.0,2002,28.0,28.0,2478.0,27.5,1.0,0.0,1.0,1.0,0.0,0.0,5.0,0.0,1.2,1.2,1.1,2.3,15.0,88.0,4.0,0.04,0.0,0.04,0.04,0.04,0.04,0.04,0.08,0.04,0.08
357.0,Jacob Murphy,ENG,AT,Newcastle Utd,30.0,1995,25.0,21.0,1680.0,18.7,5.0,8.0,13.0,5.0,0.0,0.0,3.0,0.0,3.8,3.8,6.3,10.1,57.0,56.0,152.0,0.27,0.43,0.7,0.27,0.7,0.2,0.34,0.54,0.2,0.54
358.0,Vitaliy Mykolenko,UKR,DF,Everton,25.0,1999,27.0,27.0,2362.0,26.2,0.0,1.0,1.0,0.0,0.0,0.0,2.0,0.0,0.4,0.4,1.5,1.9,26.0,89.0,68.0,0.0,0.04,0.04,0.0,0.04,0.02,0.06,0.07,0.02,0.07
359.0,Iliman Ndiaye,SEN,AT,Everton,25.0,2000,24.0,22.0,1877.0,20.9,6.0,0.0,6.0,5.0,1.0,1.0,3.0,0.0,3.6,2.8,1.5,4.3,71.0,38.0,95.0,0.29,0.0,0.29,0.24,0.24,0.17,0.07,0.25,0.13,0.21
360.0,Wilfred Ndidi,NGA,MT,Leicester City,28.0,1996,20.0,20.0,1645.0,18.3,0.0,4.0,4.0,0.0,0.0,0.0,5.0,0.0,1.6,1.6,1.6,3.3,13.0,50.0,64.0,0.0,0.22,0.22,0.0,0.22,0.09,0.09,0.18,0.09,0.18
361.0,Kosta Nedeljković,SRB,DF,Aston Villa,19.0,2005,5.0,0.0,126.0,1.4,0.0,0.0,0.0,0.0,0.0,0.0,0.0,0.0,0.0,0.0,0.0,0.0,1.0,6.0,0.0,0.0,0.0,0.0,0.0,0.0,0.0,0.0,0.0,0.0,0.0
362.0,Reiss Nelson,ENG,AT,Fulham,25.0,1999,11.0,5.0,487.0,5.4,1.0,1.0,2.0,1.0,0.0,0.0,1.0,0.0,1.1,1.1,1.0,2.1,45.0,35.0,63.0,0.18,0.18,0.37,0.18,0.37,0.2,0.18,0.39,0.2,0.39
363.0,Reiss Nelson,ENG,AT,Arsenal,25.0,1999,1.0,0.0,3.0,0.0,0.0,0.0,0.0,0.0,0.0,0.0,0.0,0.0,0.0,0.0,0.0,0.0,0.0,0.0,0.0,0.0,0.0,0.0,0.0,0.0,0.0,0.0,0.0,0.0,0.0
364.0,Pedro Neto,POR,AT,Chelsea,25.0,2000,26.0,16.0,1531.0,17.0,3.0,4.0,7.0,3.0,0.0,0.0,7.0,0.0,2.0,2.0,4.3,6.4,91.0,39.0,147.0,0.18,0.24,0.41,0.18,0.41,0.12,0.25,0.37,0.12,0.37
365.0,Neto,BRA,GB,Bournemouth,35.0,1989,2.0,2.0,180.0,2.0,0.0,0.0,0.0,0.0,0.0,0.0,0.0,0.0,0.0,0.0,0.0,0.0,0.0,0.0,0.0,0.0,0.0,0.0,0.0,0.0,0.0,0.0,0.0,0.0,0.0
366.0,Eddie Nketiah,ENG,"MT,AT",Crystal Palace,25.0,1999,20.0,7.0,708.0,7.9,1.0,1.0,2.0,1.0,0.0,0.0,3.0,0.0,3.3,3.3,1.5,4.8,32.0,15.0,55.0,0.13,0.13,0.25,0.13,0.25,0.42,0.19,0.61,0.42,0.61
367.0,Christopher Nkunku,FRA,AT,Chelsea,27.0,1997,25.0,8.0,872.0,9.7,3.0,2.0,5.0,3.0,0.0,0.0,2.0,0.0,4.7,4.6,2.0,6.6,16.0,25.0,64.0,0.31,0.21,0.52,0.31,0.52,0.48,0.21,0.69,0.48,0.69
368.0,Christian Nørgaard,DEN,MT,Brentford,31.0,1994,25.0,25.0,2010.0,22.3,4.0,2.0,6.0,4.0,0.0,0.0,4.0,1.0,3.1,3.1,0.8,3.9,11.0,111.0,32.0,0.18,0.09,0.27,0.18,0.27,0.14,0.03,0.17,0.14,0.17
369.0,Matheus Nunes,POR,"DF,MT",Manchester City,26.0,1998,19.0,12.0,1044.0,11.6,0.0,4.0,4.0,0.0,0.0,0.0,3.0,0.0,0.5,0.5,3.3,3.9,43.0,45.0,127.0,0.0,0.34,0.34,0.0,0.34,0.05,0.29,0.33,0.05,0.33
370.0,Darwin Núñez,URU,AT,Liverpool,25.0,1999,23.0,8.0,970.0,10.8,5.0,2.0,7.0,5.0,0.0,0.0,7.0,0.0,5.0,5.0,1.1,6.1,20.0,21.0,64.0,0.46,0.19,0.65,0.46,0.65,0.46,0.1,0.56,0.46,0.56
371.0,Ethan Nwaneri,ENG,"AT,MT",Arsenal,18.0,2007,19.0,7.0,606.0,6.7,3.0,1.0,4.0,3.0,0.0,0.0,1.0,0.0,0.8,0.8,0.8,1.6,35.0,24.0,84.0,0.45,0.15,0.59,0.45,0.59,0.12,0.12,0.24,0.12,0.24
372.0,Jake O'Brien,IRL,DF,Everton,23.0,2001,12.0,9.0,851.0,9.5,2.0,0.0,2.0,2.0,0.0,0.0,3.0,0.0,0.6,0.6,0.6,1.1,5.0,34.0,23.0,0.21,0.0,0.21,0.21,0.21,0.06,0.06,0.12,0.06,0.12
373.0,Nico O’Reilly,ENG,"MT,DF",Manchester City,20.0,2005,2.0,0.0,23.0,0.3,0.0,0.0,0.0,0.0,0.0,0.0,0.0,0.0,0.0,0.0,0.0,0.0,1.0,0.0,0.0,0.0,0.0,0.0,0.0,0.0,0.1,0.0,0.1,0.1,0.1
374.0,Matt O'Riley,DEN,MT,Brighton,24.0,2000,12.0,5.0,475.0,5.3,1.0,1.0,2.0,1.0,0.0,0.0,1.0,0.0,1.2,1.2,1.2,2.4,9.0,22.0,25.0,0.19,0.19,0.38,0.19,0.38,0.23,0.22,0.45,0.23,0.45
375.0,Dara O'Shea,IRL,DF,Ipswich Town,26.0,1999,26.0,26.0,2312.0,25.7,0.0,1.0,1.0,0.0,0.0,0.0,6.0,0.0,0.8,0.8,0.1,0.9,3.0,62.0,3.0,0.0,0.04,0.04,0.0,0.04,0.03,0.0,0.03,0.03,0.03
376.0,Chidozie Obi-Martin,DEN,AT,Manchester Utd,17.0,2007,3.0,0.0,28.0,0.3,0.0,0.0,0.0,0.0,0.0,0.0,1.0,0.0,0.0,0.0,0.0,0.0,1.0,1.0,2.0,0.0,0.0,0.0,0.0,0.0,0.0,0.0,0.0,0.0,0.0
377.0,Martin Ødegaard,NOR,MT,Arsenal,26.0,1998,21.0,20.0,1726.0,19.2,2.0,4.0,6.0,1.0,1.0,1.0,3.0,0.0,3.7,2.9,3.7,6.7,62.0,185.0,118.0,0.1,0.21,0.31,0.05,0.26,0.19,0.19,0.39,0.15,0.35
378.0,Wilson Odobert,FRA,AT,Tottenham,20.0,2004,8.0,4.0,353.0,3.9,0.0,0.0,0.0,0.0,0.0,0.0,0.0,0.0,0.7,0.7,0.1,0.7,25.0,14.0,35.0,0.0,0.0,0.0,0.0,0.0,0.17,0.02,0.19,0.17,0.19
379.0,Chiedozie Ogbene,IRL,AT,Ipswich Town,27.0,1997,5.0,3.0,238.0,2.6,0.0,0.0,0.0,0.0,0.0,0.0,0.0,0.0,0.0,0.0,0.1,0.1,7.0,0.0,15.0,0.0,0.0,0.0,0.0,0.0,0.0,0.03,0.03,0.0,0.03
380.0,Caleb Okoli,ITA,DF,Leicester City,23.0,2001,16.0,11.0,1003.0,11.1,0.0,0.0,0.0,0.0,0.0,0.0,3.0,0.0,0.1,0.1,0.0,0.1,3.0,28.0,2.0,0.0,0.0,0.0,0.0,0.0,0.01,0.0,0.01,0.01,0.01
381.0,Robin Olsen,SWE,GB,Aston Villa,35.0,1990,3.0,1.0,180.0,2.0,0.0,0.0,0.0,0.0,0.0,0.0,0.0,0.0,0.0,0.0,0.0,0.0,0.0,0.0,0.0,0.0,0.0,0.0,0.0,0.0,0.0,0.0,0.0,0.0,0.0
382.0,Amadou Onana,BEL,MT,Aston Villa,23.0,2001,17.0,14.0,1079.0,12.0,2.0,0.0,2.0,2.0,0.0,0.0,4.0,0.0,1.8,1.8,0.2,2.0,13.0,36.0,10.0,0.17,0.0,0.17,0.17,0.17,0.15,0.02,0.17,0.15,0.17
383.0,André Onana,CMR,GB,Manchester Utd,28.0,1996,29.0,29.0,2610.0,29.0,0.0,0.0,0.0,0.0,0.0,0.0,0.0,0.0,0.0,0.0,0.2,0.2,0.0,1.0,0.0,0.0,0.0,0.0,0.0,0.0,0.0,0.01,0.01,0.0,0.01
384.0,Paul Onuachu,NGA,AT,Southampton,30.0,1994,19.0,8.0,764.0,8.5,3.0,1.0,4.0,3.0,0.0,0.0,3.0,0.0,2.8,2.8,0.5,3.3,6.0,11.0,27.0,0.35,0.12,0.47,0.35,0.47,0.33,0.06,0.39,0.33,0.39
385.0,Frank Onyeka,NGA,MT,Brentford,27.0,1998,2.0,0.0,25.0,0.3,0.0,0.0,0.0,0.0,0.0,0.0,0.0,0.0,0.0,0.0,0.0,0.0,0.0,1.0,0.0,0.0,0.0,0.0,0.0,0.0,0.0,0.0,0.0,0.0,0.0
386.0,Lewis Orford,ENG,MT,West Ham,19.0,2006,2.0,0.0,49.0,0.5,0.0,0.0,0.0,0.0,0.0,0.0,0.0,0.0,0.0,0.0,0.0,0.0,0.0,0.0,1.0,0.0,0.0,0.0,0.0,0.0,0.05,0.04,0.09,0.05,0.09
387.0,Stefan Ortega,GER,GB,Manchester City,32.0,1992,10.0,10.0,900.0,10.0,0.0,0.0,0.0,0.0,0.0,0.0,1.0,0.0,0.0,0.0,0.0,0.0,0.0,0.0,0.0,0.0,0.0,0.0,0.0,0.0,0.0,0.0,0.0,0.0,0.0
388.0,William Osula,DEN,AT,Newcastle Utd,21.0,2003,10.0,0.0,71.0,0.8,0.0,0.0,0.0,0.0,0.0,0.0,0.0,0.0,0.0,0.0,0.1,0.1,1.0,1.0,6.0,0.0,0.0,0.0,0.0,0.0,0.0,0.11,0.11,0.0,0.11
389.0,Dango Ouattara,BFA,AT,Bournemouth,23.0,2002,26.0,15.0,1518.0,16.9,7.0,4.0,11.0,7.0,0.0,0.0,1.0,0.0,7.2,7.2,4.5,11.7,58.0,31.0,154.0,0.42,0.24,0.65,0.42,0.65,0.42,0.27,0.69,0.42,0.69
390.0,Alex Palmer,ENG,GB,Ipswich Town,28.0,1996,5.0,5.0,450.0,5.0,0.0,0.0,0.0,0.0,0.0,0.0,0.0,0.0,0.0,0.0,0.0,0.0,0.0,1.0,0.0,0.0,0.0,0.0,0.0,0.0,0.0,0.0,0.0,0.0,0.0
391.0,Cole Palmer,ENG,MT,Chelsea,22.0,2002,28.0,28.0,2441.0,27.1,14.0,6.0,20.0,11.0,3.0,4.0,4.0,0.0,15.2,12.1,8.6,20.7,85.0,157.0,141.0,0.52,0.22,0.74,0.41,0.63,0.56,0.32,0.88,0.45,0.76
392.0,Emerson Palmieri,ITA,DF,West Ham,30.0,1994,25.0,23.0,1792.0,19.9,2.0,1.0,3.0,2.0,0.0,0.0,5.0,0.0,1.6,1.6,1.5,3.1,36.0,53.0,69.0,0.1,0.05,0.15,0.1,0.15,0.08,0.07,0.15,0.08,0.15
393.0,Lucas Paquetá,BRA,"MT,AT",West Ham,27.0,1997,25.0,21.0,1807.0,20.1,4.0,0.0,4.0,2.0,2.0,2.0,7.0,0.0,5.0,3.4,2.1,5.5,16.0,97.0,66.0,0.2,0.0,0.2,0.1,0.1,0.25,0.1,0.35,0.17,0.27
394.0,Thomas Partey,GHA,"MT,DF",Arsenal,31.0,1993,28.0,24.0,2189.0,24.3,3.0,2.0,5.0,3.0,0.0,0.0,4.0,0.0,1.7,1.7,1.9,3.6,29.0,150.0,37.0,0.12,0.08,0.21,0.12,0.21,0.07,0.08,0.15,0.07,0.15
395.0,Nathan Patterson,SCO,"DF,AT",Everton,23.0,2001,7.0,0.0,129.0,1.4,0.0,0.0,0.0,0.0,0.0,0.0,0.0,0.0,0.1,0.1,0.3,0.4,4.0,7.0,7.0,0.0,0.0,0.0,0.0,0.0,0.05,0.24,0.29,0.05,0.29
396.0,Andreas Pereira,BRA,MT,Fulham,29.0,1996,26.0,19.0,1577.0,17.5,2.0,4.0,6.0,2.0,0.0,1.0,7.0,0.0,3.3,2.5,3.7,6.2,21.0,93.0,66.0,0.11,0.23,0.34,0.11,0.34,0.19,0.21,0.4,0.14,0.35
397.0,Ricardo Pereira,POR,DF,Leicester City,31.0,1993,3.0,2.0,153.0,1.7,0.0,0.0,0.0,0.0,0.0,0.0,1.0,0.0,0.0,0.0,0.0,0.0,1.0,7.0,3.0,0.0,0.0,0.0,0.0,0.0,0.02,0.0,0.02,0.02,0.02
398.0,Kalvin Phillips,ENG,MT,Ipswich Town,29.0,1995,17.0,14.0,1205.0,13.4,0.0,0.0,0.0,0.0,0.0,0.0,6.0,1.0,0.4,0.4,0.2,0.6,4.0,49.0,4.0,0.0,0.0,0.0,0.0,0.0,0.03,0.02,0.05,0.03,0.05
399.0,Jaden Philogene Bidace,ENG,"AT,DF",Ipswich Town,23.0,2002,7.0,5.0,458.0,5.1,2.0,0.0,2.0,2.0,0.0,0.0,0.0,0.0,1.9,1.9,0.2,2.1,13.0,10.0,34.0,0.39,0.0,0.39,0.39,0.39,0.37,0.05,0.42,0.37,0.42
400.0,Jaden Philogene Bidace,ENG,"AT,MT",Aston Villa,23.0,2002,11.0,2.0,332.0,3.7,0.0,0.0,0.0,0.0,0.0,0.0,4.0,1.0,0.5,0.5,0.3,0.8,7.0,4.0,17.0,0.0,0.0,0.0,0.0,0.0,0.13,0.08,0.2,0.13,0.2
401.0,Jordan Pickford,ENG,GB,Everton,31.0,1994,29.0,29.0,2610.0,29.0,0.0,1.0,1.0,0.0,0.0,0.0,6.0,0.0,0.0,0.0,0.4,0.4,0.0,0.0,0.0,0.0,0.03,0.03,0.0,0.03,0.0,0.01,0.01,0.0,0.01
402.0,Ethan Pinnock,JAM,DF,Brentford,31.0,1993,21.0,20.0,1831.0,20.3,2.0,0.0,2.0,2.0,0.0,0.0,2.0,0.0,0.9,0.9,1.2,2.0,3.0,40.0,9.0,0.1,0.0,0.1,0.1,0.1,0.04,0.06,0.1,0.04,0.1
403.0,Daniel Podence,POR,"MT,AT",Wolves,29.0,1995,2.0,0.0,48.0,0.5,0.0,0.0,0.0,0.0,0.0,0.0,0.0,0.0,0.0,0.0,0.0,0.0,1.0,2.0,3.0,0.0,0.0,0.0,0.0,0.0,0.07,0.0,0.07,0.07,0.07
404.0,Alfie Pond,ENG,DF,Wolves,21.0,2004,1.0,0.0,1.0,0.0,0.0,0.0,0.0,0.0,0.0,0.0,0.0,0.0,0.0,0.0,0.0,0.0,0.0,0.0,0.0,0.0,0.0,0.0,0.0,0.0,0.0,0.0,0.0,0.0,0.0
405.0,Nick Pope,ENG,GB,Newcastle Utd,32.0,1992,18.0,18.0,1620.0,18.0,0.0,0.0,0.0,0.0,0.0,0.0,2.0,0.0,0.0,0.0,0.0,0.0,0.0,0.0,0.0,0.0,0.0,0.0,0.0,0.0,0.0,0.0,0.0,0.0,0.0
406.0,Pedro Porro,ESP,DF,Tottenham,25.0,1999,28.0,24.0,2280.0,25.3,2.0,5.0,7.0,2.0,0.0,0.0,2.0,0.0,1.5,1.5,3.2,4.7,57.0,128.0,93.0,0.08,0.2,0.28,0.08,0.28,0.06,0.13,0.18,0.06,0.18
407.0,Jarell Quansah,ENG,DF,Liverpool,22.0,2003,10.0,2.0,292.0,3.2,0.0,0.0,0.0,0.0,0.0,0.0,1.0,0.0,0.0,0.0,0.0,0.0,2.0,10.0,3.0,0.0,0.0,0.0,0.0,0.0,0.0,0.0,0.0,0.0,0.0
408.0,Hákon Rafn Valdimarsson,ISL,GB,Brentford,23.0,2001,2.0,1.0,145.0,1.6,0.0,0.0,0.0,0.0,0.0,0.0,0.0,0.0,0.0,0.0,0.0,0.0,0.0,0.0,0.0,0.0,0.0,0.0,0.0,0.0,0.0,0.0,0.0,0.0,0.0
409.0,Aaron Ramsdale,ENG,GB,Southampton,26.0,1998,21.0,21.0,1890.0,21.0,0.0,0.0,0.0,0.0,0.0,0.0,2.0,0.0,0.0,0.0,0.0,0.0,0.0,0.0,0.0,0.0,0.0,0.0,0.0,0.0,0.0,0.0,0.0,0.0,0.0
410.0,Jacob Ramsey,ENG,"AT,MT",Aston Villa,23.0,2001,21.0,15.0,1248.0,13.9,1.0,3.0,4.0,1.0,0.0,0.0,1.0,0.0,1.3,1.3,1.8,3.1,49.0,58.0,84.0,0.07,0.22,0.29,0.07,0.29,0.09,0.13,0.22,0.09,0.22
411.0,Marcus Rashford,ENG,AT,Aston Villa,27.0,1997,5.0,1.0,202.0,2.2,0.0,2.0,2.0,0.0,0.0,0.0,0.0,0.0,0.3,0.3,1.9,2.1,13.0,10.0,32.0,0.0,0.89,0.89,0.0,0.89,0.12,0.83,0.95,0.12,0.95
412.0,Marcus Rashford,ENG,"AT,MT",Manchester Utd,27.0,1997,15.0,12.0,978.0,10.9,4.0,1.0,5.0,4.0,0.0,0.0,2.0,0.0,1.7,1.7,2.1,3.8,20.0,21.0,79.0,0.37,0.09,0.46,0.37,0.46,0.16,0.19,0.35,0.16,0.35
413.0,David Raya,ESP,GB,Arsenal,29.0,1995,29.0,29.0,2610.0,29.0,0.0,0.0,0.0,0.0,0.0,0.0,2.0,0.0,0.0,0.0,0.0,0.0,0.0,11.0,0.0,0.0,0.0,0.0,0.0,0.0,0.0,0.0,0.0,0.0,0.0
414.0,Harrison Reed,ENG,MT,Fulham,30.0,1995,10.0,0.0,78.0,0.9,0.0,0.0,0.0,0.0,0.0,0.0,2.0,0.0,0.1,0.1,0.1,0.2,1.0,4.0,7.0,0.0,0.0,0.0,0.0,0.0,0.17,0.09,0.25,0.17,0.25
415.0,Remy Rees-Dottin,ENG,AT,Bournemouth,19.0,2006,1.0,0.0,1.0,0.0,0.0,0.0,0.0,0.0,0.0,0.0,0.0,0.0,0.0,0.0,0.0,0.0,0.0,0.0,0.0,0.0,0.0,0.0,0.0,0.0,0.0,0.0,0.0,0.0,0.0
416.0,Sergio Reguilón,ESP,DF,Tottenham,28.0,1996,3.0,0.0,123.0,1.4,0.0,0.0,0.0,0.0,0.0,0.0,2.0,0.0,0.1,0.1,0.0,0.1,4.0,12.0,10.0,0.0,0.0,0.0,0.0,0.0,0.05,0.02,0.07,0.05,0.07
417.0,Bobby Reid,JAM,"AT,MT",Leicester City,32.0,1993,20.0,7.0,639.0,7.1,1.0,2.0,3.0,1.0,0.0,0.0,2.0,0.0,0.8,0.8,1.2,2.0,12.0,14.0,40.0,0.14,0.28,0.42,0.14,0.42,0.11,0.17,0.27,0.11,0.27
418.0,Chadi Riad,MAR,DF,Crystal Palace,21.0,2003,1.0,1.0,90.0,1.0,0.0,0.0,0.0,0.0,0.0,0.0,0.0,0.0,0.0,0.0,0.0,0.0,2.0,7.0,0.0,0.0,0.0,0.0,0.0,0.0,0.0,0.0,0.0,0.0,0.0
419.0,Declan Rice,ENG,MT,Arsenal,26.0,1999,27.0,25.0,2156.0,24.0,2.0,5.0,7.0,2.0,0.0,0.0,5.0,1.0,2.0,2.0,5.7,7.7,75.0,149.0,76.0,0.08,0.21,0.29,0.08,0.29,0.08,0.24,0.32,0.08,0.32
420.0,Chris Richards,USA,DF,Crystal Palace,25.0,2000,17.0,15.0,1338.0,14.9,0.0,0.0,0.0,0.0,0.0,0.0,2.0,0.0,0.5,0.5,0.1,0.6,5.0,33.0,1.0,0.0,0.0,0.0,0.0,0.0,0.03,0.01,0.04,0.03,0.04
421.0,Richarlison,BRA,AT,Tottenham,27.0,1997,9.0,2.0,279.0,3.1,2.0,1.0,3.0,2.0,0.0,0.0,1.0,0.0,1.2,1.2,0.9,2.1,8.0,10.0,17.0,0.65,0.32,0.97,0.65,0.97,0.38,0.29,0.67,0.38,0.67
422.0,Andrew Robertson,SCO,DF,Liverpool,31.0,1994,27.0,24.0,2016.0,22.4,0.0,0.0,0.0,0.0,0.0,0.0,3.0,1.0,0.8,0.8,4.0,4.9,54.0,146.0,81.0,0.0,0.0,0.0,0.0,0.0,0.04,0.18,0.22,0.04,0.22
423.0,Antonee Robinson,USA,DF,Fulham,27.0,1997,29.0,28.0,2539.0,28.2,0.0,10.0,10.0,0.0,0.0,0.0,7.0,0.0,0.7,0.7,3.8,4.5,98.0,104.0,232.0,0.0,0.35,0.35,0.0,0.35,0.02,0.13,0.16,0.02,0.16
424.0,Rodri,ESP,MT,Manchester City,28.0,1996,2.0,1.0,65.0,0.7,0.0,0.0,0.0,0.0,0.0,0.0,0.0,0.0,0.0,0.0,0.0,0.0,0.0,4.0,1.0,0.0,0.0,0.0,0.0,0.0,0.0,0.06,0.06,0.0,0.06
425.0,Guido Rodríguez,ARG,MT,West Ham,30.0,1994,20.0,14.0,1018.0,11.3,0.0,0.0,0.0,0.0,0.0,0.0,5.0,0.0,0.2,0.2,0.1,0.3,2.0,31.0,5.0,0.0,0.0,0.0,0.0,0.0,0.02,0.01,0.03,0.02,0.03
426.0,Mads Roerslev,DEN,DF,Brentford,25.0,1999,19.0,11.0,1101.0,12.2,0.0,2.0,2.0,0.0,0.0,0.0,2.0,0.0,0.2,0.2,3.0,3.2,17.0,51.0,54.0,0.0,0.16,0.16,0.0,0.16,0.02,0.24,0.26,0.02,0.26
427.0,Morgan Rogers,ENG,"MT,AT",Aston Villa,22.0,2002,28.0,28.0,2336.0,26.0,7.0,4.0,11.0,7.0,0.0,0.0,8.0,0.0,4.8,4.8,5.2,10.1,91.0,94.0,137.0,0.27,0.15,0.42,0.27,0.42,0.19,0.2,0.39,0.19,0.39
428.0,Cristian Romero,ARG,DF,Tottenham,26.0,1998,14.0,14.0,1101.0,12.2,1.0,0.0,1.0,1.0,0.0,0.0,1.0,0.0,1.1,1.1,0.5,1.7,10.0,56.0,2.0,0.08,0.0,0.08,0.08,0.08,0.09,0.04,0.14,0.09,0.14
429.0,Georginio Rutter,FRA,"MT,AT",Brighton,22.0,2002,28.0,19.0,1656.0,18.4,5.0,3.0,8.0,5.0,0.0,0.0,2.0,0.0,4.6,4.6,2.5,7.1,42.0,67.0,79.0,0.27,0.16,0.43,0.27,0.43,0.25,0.14,0.39,0.25,0.39
430.0,José Sá,POR,GB,Wolves,32.0,1993,22.0,22.0,1980.0,22.0,0.0,0.0,0.0,0.0,0.0,0.0,1.0,0.0,0.0,0.0,0.1,0.1,0.0,2.0,0.0,0.0,0.0,0.0,0.0,0.0,0.0,0.01,0.01,0.0,0.01
431.0,Bukayo Saka,ENG,"AT,MT",Arsenal,23.0,2001,16.0,16.0,1268.0,14.1,5.0,10.0,15.0,4.0,1.0,1.0,3.0,0.0,4.2,3.4,5.8,9.2,72.0,53.0,195.0,0.35,0.71,1.06,0.28,0.99,0.3,0.41,0.71,0.24,0.65
432.0,Mohamed Salah,EGY,AT,Liverpool,32.0,1992,29.0,29.0,2568.0,28.5,27.0,17.0,44.0,18.0,9.0,9.0,1.0,0.0,22.0,15.0,11.2,26.2,122.0,110.0,364.0,0.95,0.6,1.54,0.63,1.23,0.77,0.39,1.16,0.52,0.92
433.0,William Saliba,FRA,DF,Arsenal,24.0,2001,27.0,27.0,2364.0,26.3,2.0,0.0,2.0,2.0,0.0,0.0,2.0,1.0,2.1,2.1,0.5,2.6,13.0,113.0,6.0,0.08,0.0,0.08,0.08,0.08,0.08,0.02,0.1,0.08,0.1
434.0,Robert Sánchez,ESP,GB,Chelsea,27.0,1997,23.0,23.0,2070.0,23.0,0.0,0.0,0.0,0.0,0.0,0.0,5.0,0.0,0.0,0.0,0.0,0.0,0.0,1.0,0.0,0.0,0.0,0.0,0.0,0.0,0.0,0.0,0.0,0.0,0.0
435.0,Jadon Sancho,ENG,AT,Chelsea,25.0,2000,23.0,16.0,1430.0,15.9,2.0,4.0,6.0,2.0,0.0,0.0,1.0,0.0,1.6,1.6,3.2,4.8,83.0,71.0,177.0,0.13,0.25,0.38,0.13,0.38,0.1,0.2,0.3,0.1,0.3
436.0,Ibrahim Sangaré,CIV,MT,Nott'ham Forest,27.0,1997,7.0,3.0,274.0,3.0,0.0,1.0,1.0,0.0,0.0,0.0,2.0,0.0,0.0,0.0,0.3,0.3,0.0,11.0,2.0,0.0,0.33,0.33,0.0,0.33,0.01,0.1,0.11,0.01,0.11
437.0,Pablo Sarabia,ESP,"MT,AT",Wolves,32.0,1992,15.0,6.0,564.0,6.3,1.0,1.0,2.0,1.0,0.0,0.0,2.0,0.0,2.5,2.5,0.7,3.2,11.0,46.0,45.0,0.16,0.16,0.32,0.16,0.32,0.4,0.11,0.51,0.4,0.51
438.0,Jeremy Sarmiento,ECU,MT,Brighton,22.0,2002,1.0,0.0,9.0,0.1,0.0,0.0,0.0,0.0,0.0,0.0,0.0,0.0,0.0,0.0,0.0,0.0,0.0,0.0,2.0,0.0,0.0,0.0,0.0,0.0,0.0,0.0,0.0,0.0,0.0
439.0,Ismaila Sarr,SEN,"MT,AT",Crystal Palace,27.0,1998,28.0,21.0,1930.0,21.4,7.0,3.0,10.0,7.0,0.0,0.0,3.0,0.0,7.8,7.8,5.7,13.5,52.0,61.0,140.0,0.33,0.14,0.47,0.33,0.47,0.36,0.27,0.63,0.36,0.63
440.0,Sávio,BRA,"AT,MT",Manchester City,20.0,2004,24.0,19.0,1564.0,17.4,1.0,7.0,8.0,1.0,0.0,0.0,3.0,0.0,4.6,4.6,5.7,10.3,125.0,62.0,214.0,0.06,0.4,0.46,0.06,0.46,0.27,0.33,0.6,0.27,0.6
441.0,Oliver Scarles,ENG,DF,West Ham,19.0,2005,10.0,3.0,406.0,4.5,0.0,0.0,0.0,0.0,0.0,0.0,1.0,0.0,0.1,0.1,0.0,0.1,6.0,15.0,33.0,0.0,0.0,0.0,0.0,0.0,0.02,0.0,0.03,0.02,0.03
442.0,Dane Scarlett,ENG,"AT,MT",Tottenham,21.0,2004,3.0,0.0,34.0,0.4,0.0,1.0,1.0,0.0,0.0,0.0,0.0,0.0,0.0,0.0,0.0,0.1,1.0,1.0,1.0,0.0,2.65,2.65,0.0,2.65,0.09,0.12,0.22,0.09,0.22
443.0,Kevin Schade,GER,AT,Brentford,23.0,2001,29.0,17.0,1575.0,17.5,7.0,2.0,9.0,7.0,0.0,0.0,2.0,0.0,5.8,5.8,2.7,8.4,43.0,30.0,118.0,0.4,0.11,0.51,0.4,0.51,0.33,0.15,0.48,0.33,0.48
444.0,Fabian Schär,SUI,DF,Newcastle Utd,33.0,1991,24.0,23.0,2052.0,22.8,2.0,0.0,2.0,2.0,0.0,0.0,5.0,1.0,1.6,1.6,0.3,1.9,12.0,74.0,16.0,0.09,0.0,0.09,0.09,0.09,0.07,0.01,0.08,0.07,0.08
445.0,Jeffrey Schlupp,GHA,"MT,DF",Crystal Palace,32.0,1992,12.0,0.0,103.0,1.1,0.0,0.0,0.0,0.0,0.0,0.0,0.0,0.0,0.2,0.2,0.2,0.3,4.0,5.0,9.0,0.0,0.0,0.0,0.0,0.0,0.14,0.14,0.28,0.14,0.28
446.0,Alex Scott,ENG,MT,Bournemouth,21.0,2003,12.0,2.0,380.0,4.2,0.0,0.0,0.0,0.0,0.0,0.0,1.0,0.0,0.3,0.3,0.3,0.6,8.0,42.0,17.0,0.0,0.0,0.0,0.0,0.0,0.06,0.07,0.13,0.06,0.13
447.0,Matz Sels,BEL,GB,Nott'ham Forest,33.0,1992,29.0,29.0,2610.0,29.0,0.0,0.0,0.0,0.0,0.0,0.0,2.0,0.0,0.0,0.0,0.0,0.0,0.0,1.0,0.0,0.0,0.0,0.0,0.0,0.0,0.0,0.0,0.0,0.0,0.0
448.0,Nélson Semedo,POR,DF,Wolves,31.0,1993,25.0,24.0,2145.0,23.8,0.0,4.0,4.0,0.0,0.0,0.0,7.0,0.0,0.6,0.6,2.6,3.2,52.0,54.0,93.0,0.0,0.17,0.17,0.0,0.17,0.03,0.11,0.13,0.03,0.13
449.0,Antoine Semenyo,GHA,AT,Bournemouth,25.0,2000,28.0,28.0,2465.0,27.4,7.0,4.0,11.0,7.0,0.0,0.0,9.0,0.0,8.6,8.6,5.1,13.7,112.0,86.0,224.0,0.26,0.15,0.4,0.26,0.4,0.31,0.19,0.5,0.31,0.5
450.0,Marcos Senesi,ARG,DF,Bournemouth,27.0,1997,11.0,11.0,917.0,10.2,0.0,0.0,0.0,0.0,0.0,0.0,4.0,0.0,0.8,0.8,0.2,1.0,11.0,45.0,3.0,0.0,0.0,0.0,0.0,0.0,0.08,0.02,0.1,0.08,0.1
451.0,Ryan Sessegnon,ENG,"DF,MT",Fulham,24.0,2000,7.0,1.0,96.0,1.1,2.0,0.0,2.0,2.0,0.0,0.0,0.0,0.0,0.5,0.5,0.4,0.9,3.0,2.0,7.0,1.87,0.0,1.87,1.87,1.87,0.51,0.35,0.86,0.51,0.86
452.0,Luke Shaw,ENG,DF,Manchester Utd,29.0,1995,2.0,0.0,70.0,0.8,0.0,0.0,0.0,0.0,0.0,0.0,0.0,0.0,0.0,0.0,0.0,0.0,1.0,6.0,0.0,0.0,0.0,0.0,0.0,0.0,0.0,0.0,0.0,0.0,0.0
453.0,Zain Silcott-Duberry,MSR,AT,Bournemouth,19.0,2005,1.0,0.0,1.0,0.0,0.0,0.0,0.0,0.0,0.0,0.0,0.0,0.0,0.0,0.0,0.0,0.0,0.0,0.0,0.0,0.0,0.0,0.0,0.0,0.0,0.0,0.0,0.0,0.0,0.0
454.0,Bernardo Silva,POR,"MT,AT",Manchester City,30.0,1994,26.0,22.0,2041.0,22.7,2.0,4.0,6.0,2.0,0.0,0.0,5.0,0.0,3.0,3.0,4.2,7.2,82.0,97.0,169.0,0.09,0.18,0.26,0.09,0.26,0.13,0.18,0.32,0.13,0.32
455.0,Jota Silva,POR,"AT,MT",Nott'ham Forest,25.0,1999,25.0,4.0,725.0,8.1,2.0,1.0,3.0,2.0,0.0,0.0,4.0,0.0,1.5,1.5,2.8,4.3,17.0,14.0,47.0,0.25,0.12,0.37,0.25,0.37,0.19,0.35,0.54,0.19,0.54
456.0,Eric da Silva Moreira,GER,"MT,DF",Nott'ham Forest,18.0,2006,2.0,0.0,30.0,0.3,0.0,0.0,0.0,0.0,0.0,0.0,0.0,0.0,0.0,0.0,0.0,0.0,1.0,0.0,1.0,0.0,0.0,0.0,0.0,0.0,0.0,0.0,0.0,0.0,0.0
457.0,Jahmai Simpson-Pusey,ENG,DF,Manchester City,19.0,2005,2.0,1.0,96.0,1.1,0.0,0.0,0.0,0.0,0.0,0.0,1.0,0.0,0.0,0.0,0.0,0.0,1.0,3.0,0.0,0.0,0.0,0.0,0.0,0.0,0.0,0.0,0.0,0.0,0.0
458.0,Luis Sinisterra,COL,"AT,MT",Bournemouth,25.0,1999,12.0,1.0,236.0,2.6,1.0,1.0,2.0,1.0,0.0,0.0,0.0,0.0,1.2,1.2,1.4,2.6,19.0,6.0,38.0,0.38,0.38,0.76,0.38,0.76,0.46,0.54,1.0,0.46,1.0
459.0,Oliver Skipp,ENG,MT,Leicester City,24.0,2000,16.0,7.0,779.0,8.7,0.0,0.0,0.0,0.0,0.0,0.0,4.0,0.0,0.1,0.1,0.2,0.3,14.0,23.0,14.0,0.0,0.0,0.0,0.0,0.0,0.01,0.02,0.04,0.01,0.04
460.0,William Smallbone,IRL,MT,Southampton,25.0,2000,12.0,6.0,555.0,6.2,1.0,0.0,1.0,1.0,0.0,0.0,1.0,0.0,0.4,0.4,0.6,1.0,4.0,22.0,18.0,0.16,0.0,0.16,0.16,0.16,0.06,0.1,0.17,0.06,0.17
461.0,Adam Smith,ENG,DF,Bournemouth,33.0,1991,17.0,12.0,1035.0,11.5,0.0,0.0,0.0,0.0,0.0,0.0,4.0,0.0,0.6,0.6,0.1,0.7,7.0,31.0,16.0,0.0,0.0,0.0,0.0,0.0,0.05,0.01,0.06,0.05,0.06
462.0,Emile Smith Rowe,ENG,MT,Fulham,24.0,2000,26.0,22.0,1724.0,19.2,5.0,2.0,7.0,5.0,0.0,0.0,1.0,0.0,4.1,4.1,1.1,5.2,50.0,110.0,104.0,0.26,0.1,0.37,0.26,0.37,0.21,0.06,0.27,0.21,0.27
463.0,Dominic Solanke,ENG,AT,Tottenham,27.0,1997,20.0,20.0,1778.0,19.8,7.0,3.0,10.0,7.0,0.0,0.0,0.0,0.0,9.2,9.2,2.8,12.0,27.0,38.0,75.0,0.35,0.15,0.51,0.35,0.51,0.47,0.14,0.61,0.47,0.61
464.0,Carlos Soler,ESP,"MT,AT",West Ham,28.0,1997,24.0,12.0,1098.0,12.2,1.0,1.0,2.0,1.0,0.0,0.0,5.0,0.0,1.2,1.2,1.1,2.3,12.0,45.0,21.0,0.08,0.08,0.16,0.08,0.16,0.1,0.09,0.19,0.1,0.19
465.0,Ramón Sosa,PAR,"AT,MT",Nott'ham Forest,25.0,1999,14.0,1.0,241.0,2.7,1.0,0.0,1.0,1.0,0.0,0.0,1.0,0.0,0.9,0.9,0.4,1.4,10.0,4.0,14.0,0.37,0.0,0.37,0.37,0.37,0.35,0.15,0.51,0.35,0.51
466.0,Tomáš Souček,CZE,MT,West Ham,30.0,1995,27.0,24.0,2083.0,23.1,7.0,1.0,8.0,7.0,0.0,0.0,8.0,0.0,4.9,4.9,1.0,5.9,6.0,65.0,55.0,0.3,0.04,0.35,0.3,0.35,0.21,0.04,0.25,0.21,0.25
467.0,Boubakary Soumaré,FRA,MT,Leicester City,26.0,1999,22.0,18.0,1563.0,17.4,0.0,0.0,0.0,0.0,0.0,0.0,8.0,0.0,0.2,0.2,0.4,0.6,29.0,77.0,20.0,0.0,0.0,0.0,0.0,0.0,0.01,0.02,0.03,0.01,0.03
468.0,Djed Spence,ENG,DF,Tottenham,24.0,2000,16.0,11.0,1064.0,11.8,1.0,1.0,2.0,1.0,0.0,0.0,3.0,1.0,0.3,0.3,1.5,1.8,36.0,62.0,48.0,0.08,0.08,0.17,0.08,0.17,0.02,0.13,0.15,0.02,0.15
469.0,Jay Stansfield,ENG,MT,Fulham,22.0,2002,1.0,0.0,1.0,0.0,0.0,0.0,0.0,0.0,0.0,0.0,0.0,0.0,0.0,0.0,0.0,0.0,0.0,0.0,0.0,0.0,0.0,0.0,0.0,0.0,0.0,0.0,0.0,0.0,0.0
470.0,Jason Steele,ENG,GB,Brighton,34.0,1990,2.0,2.0,180.0,2.0,0.0,0.0,0.0,0.0,0.0,0.0,0.0,0.0,0.0,0.0,0.0,0.0,0.0,0.0,0.0,0.0,0.0,0.0,0.0,0.0,0.0,0.0,0.0,0.0,0.0
471.0,Jack Stephens,ENG,DF,Southampton,31.0,1994,12.0,10.0,804.0,8.9,0.0,0.0,0.0,0.0,0.0,0.0,2.0,2.0,0.3,0.3,0.1,0.4,11.0,43.0,1.0,0.0,0.0,0.0,0.0,0.0,0.03,0.02,0.05,0.03,0.05
472.0,Raheem Sterling,ENG,"AT,MT",Arsenal,30.0,1994,12.0,4.0,310.0,3.4,0.0,1.0,1.0,0.0,0.0,0.0,1.0,0.0,1.0,1.0,0.3,1.3,18.0,14.0,57.0,0.0,0.29,0.29,0.0,0.29,0.3,0.08,0.38,0.3,0.38
473.0,Ross Stewart,SCO,"AT,MT",Southampton,28.0,1996,4.0,1.0,132.0,1.5,0.0,0.0,0.0,0.0,0.0,0.0,1.0,0.0,0.1,0.1,0.0,0.1,1.0,1.0,5.0,0.0,0.0,0.0,0.0,0.0,0.08,0.0,0.08,0.08,0.08
474.0,Jakub Stolarczyk,POL,GB,Leicester City,24.0,2000,6.0,6.0,540.0,6.0,0.0,0.0,0.0,0.0,0.0,0.0,1.0,0.0,0.0,0.0,0.0,0.0,0.0,1.0,0.0,0.0,0.0,0.0,0.0,0.0,0.0,0.0,0.0,0.0,0.0
475.0,John Stones,ENG,"DF,MT",Manchester City,30.0,1994,11.0,6.0,548.0,6.1,2.0,0.0,2.0,2.0,0.0,0.0,1.0,0.0,0.4,0.4,0.1,0.5,10.0,21.0,2.0,0.33,0.0,0.33,0.33,0.33,0.07,0.01,0.08,0.07,0.08
476.0,Jørgen Strand Larsen,NOR,AT,Wolves,25.0,2000,27.0,24.0,2066.0,23.0,9.0,2.0,11.0,9.0,0.0,0.0,3.0,0.0,6.6,6.6,1.7,8.2,11.0,22.0,79.0,0.39,0.09,0.48,0.39,0.48,0.29,0.07,0.36,0.29,0.36
477.0,Yukinari Sugawara,JPN,"DF,MT",Southampton,24.0,2000,26.0,15.0,1439.0,16.0,1.0,1.0,2.0,1.0,0.0,0.0,4.0,0.0,0.4,0.4,2.2,2.7,30.0,67.0,72.0,0.06,0.06,0.13,0.06,0.13,0.03,0.14,0.17,0.03,0.17
478.0,Kamaldeen Sulemana,GHA,"AT,MT",Southampton,23.0,2002,17.0,8.0,742.0,8.2,1.0,0.0,1.0,1.0,0.0,0.0,0.0,0.0,0.9,0.9,0.4,1.2,34.0,12.0,56.0,0.12,0.0,0.12,0.12,0.12,0.11,0.04,0.15,0.11,0.15
479.0,Crysencio Summerville,NED,"AT,MT",West Ham,23.0,2001,19.0,7.0,786.0,8.7,1.0,1.0,2.0,1.0,0.0,0.0,2.0,0.0,1.6,1.6,1.7,3.3,29.0,18.0,71.0,0.11,0.11,0.23,0.11,0.23,0.19,0.19,0.38,0.19,0.38
480.0,Sammie Szmodics,IRL,"AT,MT",Ipswich Town,29.0,1995,19.0,13.0,979.0,10.9,4.0,0.0,4.0,4.0,0.0,0.0,2.0,0.0,3.4,3.4,0.2,3.6,16.0,18.0,46.0,0.37,0.0,0.37,0.37,0.37,0.31,0.02,0.33,0.31,0.33
481.0,Dominik Szoboszlai,HUN,MT,Liverpool,24.0,2000,27.0,22.0,1953.0,21.7,5.0,3.0,8.0,5.0,0.0,0.0,6.0,0.0,6.7,6.7,5.0,11.7,61.0,101.0,108.0,0.23,0.14,0.37,0.23,0.37,0.31,0.23,0.54,0.31,0.54
482.0,Matt Targett,ENG,DF,Newcastle Utd,29.0,1995,1.0,0.0,12.0,0.1,0.0,0.0,0.0,0.0,0.0,0.0,0.0,0.0,0.0,0.0,0.0,0.0,0.0,0.0,0.0,0.0,0.0,0.0,0.0,0.0,0.0,0.0,0.0,0.0,0.0
483.0,James Tarkowski,ENG,DF,Everton,32.0,1992,29.0,29.0,2601.0,28.9,1.0,1.0,2.0,1.0,0.0,0.0,4.0,0.0,1.1,1.1,2.2,3.3,8.0,69.0,3.0,0.03,0.03,0.07,0.03,0.07,0.04,0.08,0.12,0.04,0.12
484.0,Marcus Tavernier,ENG,"AT,MT",Bournemouth,26.0,1999,22.0,16.0,1505.0,16.7,3.0,5.0,8.0,3.0,0.0,0.0,5.0,0.0,5.2,5.2,2.8,8.0,36.0,95.0,101.0,0.18,0.3,0.48,0.18,0.48,0.31,0.17,0.48,0.31,0.48
485.0,Charlie Taylor,ENG,DF,Southampton,31.0,1993,7.0,2.0,266.0,3.0,0.0,0.0,0.0,0.0,0.0,0.0,1.0,0.0,0.0,0.0,0.1,0.1,3.0,8.0,6.0,0.0,0.0,0.0,0.0,0.0,0.0,0.03,0.03,0.0,0.03
486.0,Jack Taylor,IRL,MT,Ipswich Town,26.0,1998,23.0,1.0,495.0,5.5,1.0,0.0,1.0,1.0,0.0,0.0,3.0,0.0,0.6,0.6,0.5,1.1,9.0,36.0,14.0,0.18,0.0,0.18,0.18,0.18,0.1,0.1,0.2,0.1,0.2
487.0,Mathys Tel,FRA,AT,Tottenham,19.0,2005,4.0,4.0,305.0,3.4,0.0,0.0,0.0,0.0,0.0,0.0,0.0,0.0,0.8,0.8,0.1,0.9,6.0,3.0,15.0,0.0,0.0,0.0,0.0,0.0,0.23,0.03,0.26,0.23,0.26
488.0,Kenny Tete,NED,DF,Fulham,29.0,1995,15.0,15.0,1262.0,14.0,0.0,2.0,2.0,0.0,0.0,0.0,3.0,0.0,1.0,1.0,0.7,1.8,33.0,42.0,39.0,0.0,0.14,0.14,0.0,0.14,0.07,0.05,0.13,0.07,0.13
489.0,Thiago,BRA,AT,Brentford,23.0,2001,4.0,1.0,132.0,1.5,0.0,0.0,0.0,0.0,0.0,0.0,0.0,0.0,0.1,0.1,0.1,0.2,3.0,2.0,4.0,0.0,0.0,0.0,0.0,0.0,0.07,0.05,0.11,0.07,0.11
490.0,Luke Thomas,ENG,DF,Leicester City,23.0,2001,5.0,4.0,363.0,4.0,0.0,0.0,0.0,0.0,0.0,0.0,0.0,0.0,0.0,0.0,0.1,0.1,2.0,15.0,6.0,0.0,0.0,0.0,0.0,0.0,0.01,0.01,0.02,0.01,0.02
491.0,Youri Tielemans,BEL,MT,Aston Villa,27.0,1997,29.0,29.0,2491.0,27.7,2.0,4.0,6.0,2.0,0.0,1.0,4.0,0.0,2.6,1.8,5.7,7.5,30.0,187.0,35.0,0.07,0.14,0.22,0.07,0.22,0.09,0.21,0.3,0.07,0.27
492.0,Kieran Tierney,SCO,"DF,AT",Arsenal,27.0,1997,6.0,0.0,81.0,0.9,0.0,0.0,0.0,0.0,0.0,0.0,0.0,0.0,0.2,0.2,0.5,0.7,2.0,3.0,8.0,0.0,0.0,0.0,0.0,0.0,0.23,0.54,0.77,0.23,0.77
493.0,Jurriën Timber,NED,DF,Arsenal,23.0,2001,26.0,25.0,2199.0,24.4,1.0,2.0,3.0,1.0,0.0,0.0,7.0,0.0,0.7,0.7,0.8,1.5,51.0,134.0,97.0,0.04,0.08,0.12,0.04,0.12,0.03,0.03,0.06,0.03,0.06
494.0,Jean-Clair Todibo,FRA,DF,West Ham,25.0,1999,19.0,12.0,1145.0,12.7,0.0,0.0,0.0,0.0,0.0,0.0,2.0,0.0,0.2,0.2,0.0,0.2,6.0,24.0,4.0,0.0,0.0,0.0,0.0,0.0,0.01,0.0,0.01,0.01,0.01
495.0,Harry Toffolo,ENG,DF,Nott'ham Forest,29.0,1995,3.0,0.0,47.0,0.5,0.0,0.0,0.0,0.0,0.0,0.0,0.0,0.0,0.0,0.0,0.0,0.0,0.0,2.0,4.0,0.0,0.0,0.0,0.0,0.0,0.03,0.0,0.03,0.03,0.03
496.0,Takehiro Tomiyasu,JPN,DF,Arsenal,26.0,1998,1.0,0.0,7.0,0.1,0.0,0.0,0.0,0.0,0.0,0.0,0.0,0.0,0.2,0.2,0.0,0.2,0.0,1.0,0.0,0.0,0.0,0.0,0.0,0.0,2.37,0.0,2.37,2.37,2.37
497.0,Sandro Tonali,ITA,MT,Newcastle Utd,24.0,2000,26.0,18.0,1730.0,19.2,1.0,1.0,2.0,1.0,0.0,0.0,5.0,0.0,3.1,3.1,0.6,3.7,28.0,79.0,35.0,0.05,0.05,0.1,0.05,0.1,0.16,0.03,0.19,0.16,0.19
498.0,Pau Torres,ESP,DF,Aston Villa,28.0,1997,18.0,18.0,1549.0,17.2,0.0,0.0,0.0,0.0,0.0,0.0,1.0,0.0,0.5,0.5,0.0,0.5,31.0,70.0,4.0,0.0,0.0,0.0,0.0,0.0,0.03,0.0,0.03,0.03,0.03
499.0,Conor Townsend,ENG,DF,Ipswich Town,32.0,1993,3.0,1.0,136.0,1.5,0.0,0.0,0.0,0.0,0.0,0.0,0.0,0.0,0.0,0.0,0.4,0.4,1.0,2.0,4.0,0.0,0.0,0.0,0.0,0.0,0.0,0.25,0.25,0.0,0.25
500.0,Adama Traoré,ESP,"AT,MT",Fulham,29.0,1996,27.0,15.0,1407.0,15.6,2.0,5.0,7.0,2.0,0.0,0.0,2.0,0.0,3.7,3.7,4.1,7.8,79.0,54.0,134.0,0.13,0.32,0.45,0.13,0.45,0.24,0.26,0.5,0.24,0.5
501.0,Mark Travers,IRL,GB,Bournemouth,25.0,1999,5.0,5.0,450.0,5.0,0.0,0.0,0.0,0.0,0.0,0.0,0.0,0.0,0.0,0.0,0.0,0.0,0.0,0.0,0.0,0.0,0.0,0.0,0.0,0.0,0.0,0.0,0.0,0.0,0.0
502.0,Ryan Trevitt,ENG,MT,Brentford,22.0,2003,1.0,0.0,4.0,0.0,0.0,0.0,0.0,0.0,0.0,0.0,0.0,0.0,0.0,0.0,0.0,0.0,0.0,0.0,1.0,0.0,0.0,0.0,0.0,0.0,0.0,0.0,0.0,0.0,0.0
503.0,Kieran Trippier,ENG,DF,Newcastle Utd,34.0,1990,17.0,7.0,698.0,7.8,0.0,0.0,0.0,0.0,0.0,0.0,1.0,0.0,0.0,0.0,0.5,0.6,15.0,48.0,29.0,0.0,0.0,0.0,0.0,0.0,0.01,0.07,0.07,0.01,0.07
504.0,Leandro Trossard,BEL,AT,Arsenal,30.0,1994,29.0,21.0,1897.0,21.1,4.0,5.0,9.0,4.0,0.0,0.0,4.0,1.0,5.1,5.1,5.0,10.1,64.0,81.0,172.0,0.19,0.24,0.43,0.19,0.43,0.24,0.24,0.48,0.24,0.48
505.0,Kostas Tsimikas,GRE,DF,Liverpool,28.0,1996,14.0,5.0,517.0,5.7,0.0,1.0,1.0,0.0,0.0,0.0,2.0,0.0,0.1,0.1,1.0,1.1,13.0,53.0,25.0,0.0,0.17,0.17,0.0,0.17,0.02,0.18,0.2,0.02,0.2
506.0,Axel Tuanzebe,COD,DF,Ipswich Town,27.0,1997,14.0,13.0,1095.0,12.2,0.0,1.0,1.0,0.0,0.0,0.0,5.0,1.0,0.2,0.2,0.3,0.5,7.0,39.0,7.0,0.0,0.08,0.08,0.0,0.08,0.02,0.02,0.04,0.02,0.04
507.0,Destiny Udogie,ITA,DF,Tottenham,22.0,2002,22.0,21.0,1654.0,18.4,0.0,1.0,1.0,0.0,0.0,0.0,2.0,0.0,0.3,0.3,1.3,1.6,47.0,110.0,86.0,0.0,0.05,0.05,0.0,0.05,0.02,0.07,0.09,0.02,0.09
508.0,Manuel Ugarte Ribeiro,URU,MT,Manchester Utd,23.0,2001,21.0,16.0,1327.0,14.7,1.0,0.0,1.0,1.0,0.0,0.0,8.0,0.0,0.5,0.5,0.6,1.1,9.0,43.0,14.0,0.07,0.0,0.07,0.07,0.07,0.03,0.04,0.07,0.03,0.07
509.0,Lesley Ugochukwu,FRA,MT,Southampton,21.0,2004,18.0,10.0,1025.0,11.4,0.0,1.0,1.0,0.0,0.0,0.0,4.0,0.0,0.4,0.4,0.8,1.1,21.0,42.0,16.0,0.0,0.09,0.09,0.0,0.09,0.03,0.07,0.1,0.03,0.1
510.0,Enes Ünal,TUR,"AT,MT",Bournemouth,27.0,1997,17.0,2.0,345.0,3.8,2.0,1.0,3.0,2.0,0.0,0.0,2.0,0.0,2.7,2.7,0.4,3.1,4.0,12.0,22.0,0.52,0.26,0.78,0.52,0.78,0.72,0.1,0.82,0.72,0.82
511.0,Virgil van Dijk,NED,DF,Liverpool,33.0,1991,29.0,29.0,2610.0,29.0,1.0,1.0,2.0,1.0,0.0,0.0,3.0,0.0,1.6,1.6,0.5,2.0,15.0,131.0,5.0,0.03,0.03,0.07,0.03,0.07,0.05,0.02,0.07,0.05,0.07
512.0,Jamie Vardy,ENG,AT,Leicester City,38.0,1987,27.0,27.0,2226.0,24.7,7.0,3.0,10.0,6.0,1.0,1.0,4.0,0.0,9.2,8.5,2.9,11.4,26.0,19.0,95.0,0.28,0.12,0.4,0.24,0.36,0.37,0.12,0.49,0.34,0.46
513.0,Renato Veiga,POR,"DF,MT",Chelsea,21.0,2003,7.0,1.0,181.0,2.0,0.0,0.0,0.0,0.0,0.0,0.0,2.0,0.0,0.1,0.1,0.0,0.1,4.0,7.0,3.0,0.0,0.0,0.0,0.0,0.0,0.07,0.0,0.07,0.07,0.07
514.0,Joël Veltman,NED,DF,Brighton,33.0,1992,19.0,19.0,1643.0,18.3,0.0,0.0,0.0,0.0,0.0,0.0,4.0,0.0,0.5,0.5,0.5,0.9,29.0,79.0,32.0,0.0,0.0,0.0,0.0,0.0,0.03,0.03,0.05,0.03,0.05
515.0,Micky van de Ven,NED,DF,Tottenham,23.0,2001,10.0,9.0,818.0,9.1,0.0,2.0,2.0,0.0,0.0,0.0,4.0,0.0,0.4,0.4,1.2,1.5,8.0,44.0,1.0,0.0,0.22,0.22,0.0,0.22,0.04,0.13,0.17,0.04,0.17
516.0,Bart Verbruggen,NED,GB,Brighton,22.0,2002,27.0,27.0,2430.0,27.0,0.0,1.0,1.0,0.0,0.0,0.0,5.0,0.0,0.0,0.0,0.0,0.0,0.0,2.0,0.0,0.0,0.04,0.04,0.0,0.04,0.0,0.0,0.0,0.0,0.0
517.0,Jannik Vestergaard,DEN,DF,Leicester City,32.0,1992,18.0,16.0,1391.0,15.5,0.0,0.0,0.0,0.0,0.0,0.0,5.0,0.0,0.1,0.1,0.1,0.2,3.0,32.0,2.0,0.0,0.0,0.0,0.0,0.0,0.01,0.01,0.01,0.01,0.01
518.0,Guglielmo Vicario,ITA,GB,Tottenham,28.0,1996,17.0,17.0,1530.0,17.0,0.0,0.0,0.0,0.0,0.0,0.0,1.0,0.0,0.0,0.0,0.0,0.0,0.0,1.0,0.0,0.0,0.0,0.0,0.0,0.0,0.0,0.0,0.0,0.0,0.0
519.0,Carlos Vinícius,BRA,MT,Fulham,30.0,1995,1.0,0.0,4.0,0.0,0.0,0.0,0.0,0.0,0.0,0.0,0.0,0.0,0.0,0.0,0.0,0.0,1.0,0.0,1.0,0.0,0.0,0.0,0.0,0.0,0.83,0.0,0.83,0.83,0.83
520.0,Kyle Walker,ENG,DF,Manchester City,34.0,1990,15.0,9.0,970.0,10.8,0.0,0.0,0.0,0.0,0.0,0.0,3.0,0.0,0.1,0.1,0.4,0.6,12.0,64.0,11.0,0.0,0.0,0.0,0.0,0.0,0.01,0.04,0.05,0.01,0.05
521.0,Kyle Walker-Peters,ENG,DF,Southampton,27.0,1997,27.0,27.0,2378.0,26.4,0.0,2.0,2.0,0.0,0.0,0.0,5.0,0.0,0.5,0.5,2.6,3.0,97.0,114.0,114.0,0.0,0.08,0.08,0.0,0.08,0.02,0.1,0.12,0.02,0.12
522.0,Christian Walton,ENG,GB,Ipswich Town,29.0,1995,6.0,6.0,540.0,6.0,0.0,0.0,0.0,0.0,0.0,0.0,0.0,0.0,0.0,0.0,0.0,0.0,0.0,0.0,0.0,0.0,0.0,0.0,0.0,0.0,0.0,0.0,0.0,0.0,0.0
523.0,Aaron Wan-Bissaka,ENG,DF,West Ham,27.0,1997,28.0,27.0,2434.0,27.0,2.0,2.0,4.0,2.0,0.0,0.0,1.0,0.0,1.0,1.0,2.3,3.4,88.0,108.0,118.0,0.07,0.07,0.15,0.07,0.15,0.04,0.09,0.12,0.04,0.12
524.0,Danny Ward,WAL,GB,Leicester City,31.0,1993,2.0,1.0,135.0,1.5,0.0,0.0,0.0,0.0,0.0,0.0,0.0,0.0,0.0,0.0,0.0,0.0,0.0,0.0,0.0,0.0,0.0,0.0,0.0,0.0,0.0,0.0,0.0,0.0,0.0
525.0,James Ward-Prowse,ENG,MT,Nott'ham Forest,30.0,1994,9.0,5.0,400.0,4.4,0.0,1.0,1.0,0.0,0.0,0.0,2.0,1.0,0.1,0.1,1.1,1.2,1.0,16.0,3.0,0.0,0.23,0.23,0.0,0.23,0.01,0.25,0.26,0.01,0.26
526.0,James Ward-Prowse,ENG,MT,West Ham,30.0,1994,6.0,4.0,416.0,4.6,0.0,0.0,0.0,0.0,0.0,0.0,1.0,0.0,0.3,0.3,0.4,0.7,4.0,22.0,2.0,0.0,0.0,0.0,0.0,0.0,0.07,0.09,0.16,0.07,0.16
527.0,Ollie Watkins,ENG,AT,Aston Villa,29.0,1995,29.0,25.0,2055.0,22.8,13.0,6.0,19.0,11.0,2.0,2.0,0.0,0.0,13.9,12.3,2.7,14.9,44.0,22.0,128.0,0.57,0.26,0.83,0.48,0.74,0.61,0.12,0.72,0.54,0.65
528.0,Adam Webster,ENG,DF,Brighton,30.0,1995,11.0,8.0,617.0,6.9,0.0,0.0,0.0,0.0,0.0,0.0,0.0,0.0,0.0,0.0,0.5,0.5,7.0,40.0,2.0,0.0,0.0,0.0,0.0,0.0,0.0,0.07,0.08,0.0,0.08
529.0,Danny Welbeck,ENG,AT,Brighton,34.0,1990,22.0,17.0,1487.0,16.5,7.0,4.0,11.0,7.0,0.0,0.0,2.0,0.0,6.7,6.7,1.0,7.7,17.0,34.0,59.0,0.42,0.24,0.67,0.42,0.67,0.4,0.06,0.46,0.4,0.46
530.0,Welington,BRA,"DF,MT",Southampton,24.0,2001,4.0,3.0,172.0,1.9,0.0,0.0,0.0,0.0,0.0,0.0,1.0,0.0,0.0,0.0,0.0,0.0,1.0,3.0,6.0,0.0,0.0,0.0,0.0,0.0,0.0,0.02,0.02,0.0,0.02
531.0,Timo Werner,GER,"AT,MT",Tottenham,29.0,1996,18.0,4.0,516.0,5.7,0.0,3.0,3.0,0.0,0.0,0.0,0.0,0.0,1.0,1.0,2.5,3.5,42.0,30.0,89.0,0.0,0.52,0.52,0.0,0.52,0.17,0.44,0.61,0.17,0.61
532.0,Adam Wharton,ENG,MT,Crystal Palace,20.0,2004,13.0,10.0,843.0,9.4,0.0,0.0,0.0,0.0,0.0,0.0,1.0,0.0,0.3,0.3,2.0,2.2,9.0,88.0,10.0,0.0,0.0,0.0,0.0,0.0,0.03,0.21,0.24,0.03,0.24
533.0,Ben White,ENG,DF,Arsenal,27.0,1997,11.0,7.0,706.0,7.8,0.0,1.0,1.0,0.0,0.0,0.0,2.0,0.0,0.2,0.2,0.4,0.6,5.0,32.0,18.0,0.0,0.13,0.13,0.0,0.13,0.02,0.06,0.08,0.02,0.08
534.0,Mats Wieffer,NED,MT,Brighton,25.0,1999,17.0,4.0,494.0,5.5,1.0,1.0,2.0,1.0,0.0,0.0,4.0,0.0,0.5,0.5,0.6,1.1,5.0,37.0,9.0,0.18,0.18,0.36,0.18,0.36,0.08,0.11,0.19,0.08,0.19
535.0,Neco Williams,WAL,DF,Nott'ham Forest,23.0,2001,26.0,19.0,1784.0,19.8,1.0,1.0,2.0,1.0,0.0,0.0,4.0,0.0,1.8,1.8,1.0,2.8,45.0,57.0,65.0,0.05,0.05,0.1,0.05,0.1,0.09,0.05,0.14,0.09,0.14
536.0,Willian,BRA,"AT,MT",Fulham,36.0,1988,5.0,1.0,131.0,1.5,0.0,0.0,0.0,0.0,0.0,0.0,0.0,0.0,0.1,0.1,0.2,0.4,5.0,18.0,14.0,0.0,0.0,0.0,0.0,0.0,0.09,0.16,0.24,0.09,0.24
537.0,Joe Willock,ENG,"MT,AT",Newcastle Utd,25.0,1999,25.0,9.0,818.0,9.1,0.0,2.0,2.0,0.0,0.0,0.0,2.0,0.0,0.9,0.9,1.6,2.5,28.0,34.0,67.0,0.0,0.22,0.22,0.0,0.22,0.09,0.18,0.27,0.09,0.27
538.0,Callum Wilson,ENG,"AT,MT",Newcastle Utd,33.0,1992,8.0,1.0,163.0,1.8,0.0,0.0,0.0,0.0,0.0,0.0,1.0,0.0,0.2,0.2,0.0,0.2,3.0,2.0,4.0,0.0,0.0,0.0,0.0,0.0,0.13,0.0,0.13,0.13,0.13
539.0,Harry Wilson,WAL,"AT,MT",Fulham,28.0,1997,19.0,8.0,839.0,9.3,5.0,1.0,6.0,5.0,0.0,0.0,2.0,0.0,3.2,3.2,1.0,4.2,16.0,42.0,71.0,0.54,0.11,0.64,0.54,0.64,0.35,0.11,0.45,0.35,0.45
540.0,Harry Winks,ENG,MT,Leicester City,29.0,1996,22.0,17.0,1538.0,17.1,0.0,2.0,2.0,0.0,0.0,0.0,4.0,0.0,0.2,0.2,1.2,1.5,19.0,101.0,11.0,0.0,0.12,0.12,0.0,0.12,0.01,0.07,0.09,0.01,0.09
541.0,Ben Winterburn,ENG,MT,Bournemouth,20.0,2004,2.0,0.0,10.0,0.1,0.0,0.0,0.0,0.0,0.0,0.0,0.0,0.0,0.0,0.0,0.0,0.0,0.0,0.0,0.0,0.0,0.0,0.0,0.0,0.0,0.0,0.0,0.0,0.0,0.0
542.0,Yoane Wissa,COD,AT,Brentford,28.0,1996,26.0,25.0,2110.0,23.4,14.0,2.0,16.0,14.0,0.0,0.0,2.0,0.0,13.6,13.6,1.6,15.1,41.0,49.0,117.0,0.6,0.09,0.68,0.6,0.68,0.58,0.07,0.64,0.58,0.64
543.0,Chris Wood,NZL,AT,Nott'ham Forest,33.0,1991,29.0,28.0,2344.0,26.0,18.0,3.0,21.0,15.0,3.0,3.0,1.0,0.0,11.0,8.7,1.9,10.6,13.0,33.0,72.0,0.69,0.12,0.81,0.58,0.69,0.42,0.07,0.5,0.33,0.41
544.0,Nathan Wood-Gordon,ENG,DF,Southampton,22.0,2002,9.0,7.0,624.0,6.9,0.0,0.0,0.0,0.0,0.0,0.0,2.0,0.0,0.2,0.2,0.0,0.3,2.0,17.0,0.0,0.0,0.0,0.0,0.0,0.0,0.03,0.0,0.04,0.03,0.04
545.0,Luke Woolfenden,ENG,DF,Ipswich Town,26.0,1998,13.0,10.0,1007.0,11.2,0.0,0.0,0.0,0.0,0.0,0.0,2.0,0.0,0.0,0.0,0.0,0.0,7.0,15.0,0.0,0.0,0.0,0.0,0.0,0.0,0.0,0.0,0.0,0.0,0.0
546.0,Yehor Yarmoliuk,UKR,MT,Brentford,21.0,2004,22.0,7.0,795.0,8.8,0.0,0.0,0.0,0.0,0.0,0.0,3.0,0.0,0.6,0.6,0.3,0.9,12.0,36.0,37.0,0.0,0.0,0.0,0.0,0.0,0.07,0.03,0.1,0.07,0.1
547.0,Ryan Yates,ENG,MT,Nott'ham Forest,27.0,1997,26.0,15.0,1546.0,17.2,2.0,0.0,2.0,2.0,0.0,0.0,8.0,0.0,2.2,2.2,0.9,3.1,15.0,40.0,12.0,0.12,0.0,0.12,0.12,0.12,0.13,0.05,0.18,0.13,0.18
548.0,Leny Yoro,FRA,DF,Manchester Utd,19.0,2005,14.0,7.0,700.0,7.8,0.0,0.0,0.0,0.0,0.0,0.0,3.0,0.0,0.7,0.7,0.0,0.7,7.0,31.0,3.0,0.0,0.0,0.0,0.0,0.0,0.09,0.0,0.09,0.09,0.09
549.0,Ashley Young,ENG,"DF,AT",Everton,39.0,1985,25.0,17.0,1557.0,17.3,1.0,3.0,4.0,1.0,0.0,0.0,6.0,1.0,0.3,0.3,1.6,1.8,19.0,81.0,25.0,0.06,0.17,0.23,0.06,0.23,0.02,0.09,0.11,0.02,0.11
550.0,Illia Zabarnyi,UKR,DF,Bournemouth,22.0,2002,27.0,27.0,2364.0,26.3,0.0,0.0,0.0,0.0,0.0,0.0,3.0,1.0,0.8,0.8,0.5,1.3,18.0,94.0,3.0,0.0,0.0,0.0,0.0,0.0,0.03,0.02,0.05,0.03,0.05
551.0,Oleksandr Zinchenko,UKR,"DF,MT",Arsenal,28.0,1996,10.0,2.0,299.0,3.3,0.0,0.0,0.0,0.0,0.0,0.0,1.0,0.0,0.2,0.2,0.0,0.2,7.0,21.0,7.0,0.0,0.0,0.0,0.0,0.0,0.05,0.01,0.05,0.05,0.05
552.0,Joshua Zirkzee,NED,"AT,MT",Manchester Utd,23.0,2001,29.0,12.0,1251.0,13.9,3.0,1.0,4.0,3.0,0.0,0.0,2.0,0.0,4.5,4.5,1.5,6.0,12.0,37.0,65.0,0.22,0.07,0.29,0.22,0.29,0.32,0.11,0.43,0.32,0.43
