joueur,nationalite,position,equipe,age,annee_naissance,matchs,titularisations,minutes,minutes_90,buts,passes_decisives,buts_passes_decisives,buts_hors_penaltys,penaltys_marques,penaltys_tentes,cartons_jaunes,cartons_rouges,xg,npxg,xa,npxg_xa,progressions_balle,passes_progressives,passes_progressives_recues,buts_90,passes_decisives_90,buts_passes_decisives_90,buts_hors_penaltys_90,buts_passes_decisives_penaltys_90,xg_90,xa_90,xg_xa_90,npxg_90,npxg_xa_90
Keyliane Abdallah,FRA,AT,Marseille,18.0,2006,1.0,0.0,3.0,0.0,0.0,0.0,0.0,0.0,0.0,0.0,0.0,0.0,0.0,0.0,0.0,0.0,1.0,0.0,0.0,0.0,0.0,0.0,0.0,0.0,0.0,0.0,0.0,0.0,0.0
Yunis Abdelhamid,MAR,DF,Saint-Étienne,37.0,1987,12.0,11.0,976.0,10.8,0.0,0.0,0.0,0.0,0.0,0.0,2.0,0.0,0.2,0.2,0.1,0.4,4.0,22.0,3.0,0.0,0.0,0.0,0.0,0.0,0.02,0.01,0.03,0.02,0.03
Himad Abdelli,ALG,"MT,AT",Angers,25.0,1999,25.0,25.0,2222.0,24.7,6.0,1.0,7.0,3.0,3.0,4.0,3.0,0.0,5.6,2.5,2.9,5.4,86.0,167.0,94.0,0.24,0.04,0.28,0.12,0.16,0.23,0.12,0.35,0.1,0.22
Mohamed Abdelmoneim,EGY,DF,Nice,26.0,1999,9.0,7.0,609.0,6.8,0.0,0.0,0.0,0.0,0.0,0.0,2.0,0.0,0.0,0.0,0.0,0.0,2.0,26.0,3.0,0.0,0.0,0.0,0.0,0.0,0.0,0.0,0.0,0.0,0.0
Ali Abdi,TUN,"DF,MT",Nice,31.0,1993,19.0,12.0,1017.0,11.3,2.0,2.0,4.0,2.0,0.0,0.0,1.0,0.0,1.2,1.2,1.5,2.7,29.0,30.0,60.0,0.18,0.18,0.35,0.18,0.35,0.11,0.13,0.23,0.11,0.23
Matthis Abline,FRA,AT,Nantes,22.0,2003,27.0,26.0,2169.0,24.1,7.0,2.0,9.0,6.0,1.0,1.0,2.0,0.0,7.3,6.5,3.1,9.5,56.0,36.0,135.0,0.29,0.08,0.37,0.25,0.33,0.3,0.13,0.43,0.27,0.4
Abner,BRA,DF,Lyon,24.0,2000,15.0,10.0,904.0,10.0,1.0,1.0,2.0,1.0,0.0,0.0,1.0,0.0,0.2,0.2,1.1,1.3,24.0,52.0,51.0,0.1,0.1,0.2,0.1,0.2,0.02,0.11,0.13,0.02,0.13
Zakaria Aboukhlal,MAR,"MT,AT",Toulouse,25.0,2000,23.0,22.0,1827.0,20.3,7.0,2.0,9.0,6.0,1.0,2.0,4.0,0.0,10.1,8.5,1.5,10.0,29.0,22.0,152.0,0.34,0.1,0.44,0.3,0.39,0.5,0.07,0.57,0.42,0.49
Akor Adams,NGA,AT,Montpellier,25.0,2000,15.0,13.0,1075.0,11.9,3.0,1.0,4.0,3.0,0.0,0.0,2.0,0.0,4.3,4.3,1.0,5.3,11.0,6.0,45.0,0.25,0.08,0.33,0.25,0.33,0.36,0.08,0.44,0.36,0.44
Martin Adeline,FRA,MT,Reims,21.0,2003,1.0,0.0,26.0,0.3,0.0,0.0,0.0,0.0,0.0,0.0,0.0,0.0,0.0,0.0,0.0,0.0,1.0,0.0,1.0,0.0,0.0,0.0,0.0,0.0,0.0,0.0,0.0,0.0,0.0
Adryelson,BRA,DF,Lyon,27.0,1998,1.0,0.0,1.0,0.0,0.0,0.0,0.0,0.0,0.0,0.0,1.0,0.0,0.0,0.0,0.0,0.0,0.0,1.0,0.0,0.0,0.0,0.0,0.0,0.0,0.0,0.0,0.0,0.0,0.0
Emmanuel Agbadou,CIV,DF,Reims,27.0,1997,14.0,14.0,1260.0,14.0,0.0,0.0,0.0,0.0,0.0,0.0,3.0,0.0,0.5,0.5,0.3,0.8,10.0,77.0,0.0,0.0,0.0,0.0,0.0,0.0,0.04,0.02,0.06,0.04,0.06
Jeremy Agbonifo,SWE,"AT,MT",Lens,19.0,2005,6.0,1.0,200.0,2.2,1.0,0.0,1.0,1.0,0.0,0.0,0.0,0.0,0.6,0.6,0.2,0.8,7.0,2.0,20.0,0.45,0.0,0.45,0.45,0.45,0.29,0.08,0.38,0.29,0.38
Ruben Aguilar,FRA,"DF,MT",Lens,31.0,1993,12.0,9.0,788.0,8.8,1.0,1.0,2.0,1.0,0.0,0.0,3.0,0.0,0.4,0.4,0.8,1.2,12.0,45.0,61.0,0.11,0.11,0.23,0.11,0.23,0.04,0.1,0.14,0.04,0.14
Naouirou Ahamada,FRA,"MT,AT",Rennes,23.0,2002,3.0,0.0,58.0,0.6,0.0,0.0,0.0,0.0,0.0,0.0,0.0,0.0,0.0,0.0,0.0,0.0,2.0,1.0,1.0,0.0,0.0,0.0,0.0,0.0,0.03,0.0,0.03,0.03,0.03
Jean-Eudes Aholou,CIV,MT,Angers,31.0,1994,24.0,24.0,1821.0,20.2,2.0,0.0,2.0,2.0,0.0,0.0,7.0,0.0,1.8,1.8,0.8,2.6,15.0,67.0,16.0,0.1,0.0,0.1,0.1,0.1,0.09,0.04,0.13,0.09,0.13
Ayman Aiki,FRA,"AT,MT",Saint-Étienne,19.0,2005,5.0,1.0,127.0,1.4,0.0,0.0,0.0,0.0,0.0,0.0,0.0,0.0,0.1,0.1,0.0,0.1,4.0,5.0,8.0,0.0,0.0,0.0,0.0,0.0,0.07,0.02,0.09,0.07,0.09
Ludovic Ajorque,FRA,AT,Brest,31.0,1994,24.0,22.0,1933.0,21.5,10.0,1.0,11.0,10.0,0.0,1.0,4.0,0.0,8.2,7.4,2.4,9.8,9.0,37.0,98.0,0.47,0.05,0.51,0.47,0.51,0.38,0.11,0.49,0.35,0.46
Ümit Akdag,ROU,DF,Toulouse,21.0,2003,6.0,6.0,434.0,4.8,0.0,0.0,0.0,0.0,0.0,0.0,2.0,0.0,0.1,0.1,0.1,0.1,3.0,26.0,7.0,0.0,0.0,0.0,0.0,0.0,0.02,0.01,0.03,0.02,0.03
Sergio Akieme,ESP,DF,Reims,27.0,1997,23.0,22.0,1938.0,21.5,1.0,1.0,2.0,1.0,0.0,0.0,4.0,0.0,1.0,1.0,1.4,2.4,44.0,71.0,74.0,0.05,0.05,0.09,0.05,0.09,0.05,0.07,0.11,0.05,0.11
Maghnes Akliouche,FRA,"AT,MT",Monaco,23.0,2002,25.0,21.0,1877.0,20.9,4.0,8.0,12.0,3.0,1.0,1.0,2.0,0.0,7.0,6.2,6.1,12.3,99.0,149.0,182.0,0.19,0.38,0.58,0.14,0.53,0.33,0.29,0.63,0.3,0.59
Clément Akpa,CIV,DF,Auxerre,23.0,2001,24.0,22.0,1928.0,21.4,0.0,1.0,1.0,0.0,0.0,0.0,6.0,0.0,0.2,0.2,0.9,1.0,25.0,64.0,23.0,0.0,0.05,0.05,0.0,0.05,0.01,0.04,0.05,0.01,0.05
Chuba Akpom,ENG,"AT,MT",Lille,29.0,1995,7.0,3.0,320.0,3.6,2.0,0.0,2.0,2.0,0.0,1.0,0.0,0.0,2.6,1.8,0.3,2.1,1.0,2.0,20.0,0.56,0.0,0.56,0.56,0.56,0.74,0.09,0.83,0.52,0.6
Mohamed Ali Cho,FRA,"AT,MT",Nice,21.0,2004,23.0,20.0,1514.0,16.8,3.0,4.0,7.0,3.0,0.0,0.0,2.0,0.0,3.7,3.7,3.4,7.2,72.0,50.0,115.0,0.18,0.24,0.42,0.18,0.42,0.22,0.2,0.43,0.22,0.43
Jim Allevinah,GAB,AT,Angers,30.0,1995,22.0,21.0,1467.0,16.3,0.0,3.0,3.0,0.0,0.0,0.0,3.0,0.0,3.5,3.5,2.5,6.0,43.0,41.0,84.0,0.0,0.18,0.18,0.0,0.18,0.21,0.15,0.37,0.21,0.37
Thiago Almada,ARG,"AT,MT",Lyon,23.0,2001,9.0,3.0,386.0,4.3,1.0,2.0,3.0,1.0,0.0,0.0,1.0,0.0,1.0,1.0,1.7,2.7,11.0,48.0,25.0,0.23,0.47,0.7,0.23,0.7,0.22,0.41,0.63,0.22,0.63
Jordan Amavi,FRA,DF,Brest,31.0,1994,11.0,8.0,790.0,8.8,0.0,0.0,0.0,0.0,0.0,0.0,2.0,0.0,0.3,0.3,0.2,0.4,22.0,36.0,21.0,0.0,0.0,0.0,0.0,0.0,0.03,0.02,0.05,0.03,0.05
Kelvin Amian,FRA,DF,Nantes,27.0,1998,23.0,17.0,1658.0,18.4,1.0,0.0,1.0,1.0,0.0,0.0,4.0,0.0,0.9,0.9,0.7,1.6,26.0,58.0,59.0,0.05,0.0,0.05,0.05,0.05,0.05,0.04,0.09,0.05,0.09
Michael Amir Murillo,PAN,DF,Marseille,29.0,1996,23.0,20.0,1807.0,20.1,1.0,2.0,3.0,1.0,0.0,0.0,1.0,0.0,1.5,1.5,2.5,4.0,28.0,110.0,72.0,0.05,0.1,0.15,0.05,0.15,0.07,0.13,0.2,0.07,0.2
Samuel Amo-Ameyaw,ENG,"DF,AT",Strasbourg,18.0,2006,2.0,1.0,99.0,1.1,1.0,0.0,1.0,1.0,0.0,0.0,0.0,0.0,0.4,0.4,0.2,0.6,5.0,4.0,8.0,0.91,0.0,0.91,0.91,0.91,0.4,0.14,0.54,0.4,0.54
Mathis Amougou,FRA,MT,Saint-Étienne,19.0,2006,17.0,9.0,859.0,9.5,0.0,0.0,0.0,0.0,0.0,0.0,2.0,0.0,0.5,0.5,0.4,0.8,8.0,36.0,17.0,0.0,0.0,0.0,0.0,0.0,0.05,0.04,0.09,0.05,0.09
Benjamin André,FRA,MT,Lille,34.0,1990,24.0,24.0,2152.0,23.9,0.0,1.0,1.0,0.0,0.0,0.0,10.0,0.0,1.3,1.3,1.4,2.7,25.0,173.0,56.0,0.0,0.04,0.04,0.0,0.04,0.06,0.06,0.11,0.06,0.11
Kyllian Antonio,FRA,DF,Lens,17.0,2008,1.0,1.0,82.0,0.9,0.0,0.0,0.0,0.0,0.0,0.0,0.0,0.0,0.0,0.0,0.0,0.0,0.0,0.0,0.0,0.0,0.0,0.0,0.0,0.0,0.0,0.0,0.0,0.0,0.0
Dennis Appiah,FRA,DF,Saint-Étienne,32.0,1992,23.0,16.0,1589.0,17.7,0.0,1.0,1.0,0.0,0.0,0.0,1.0,0.0,0.1,0.1,2.0,2.1,38.0,68.0,75.0,0.0,0.06,0.06,0.0,0.06,0.01,0.11,0.12,0.01,0.12
Carlens Arcus,HAI,DF,Angers,28.0,1996,23.0,21.0,1695.0,18.8,0.0,1.0,1.0,0.0,0.0,0.0,2.0,0.0,0.0,0.0,1.2,1.2,34.0,59.0,63.0,0.0,0.05,0.05,0.0,0.05,0.0,0.06,0.07,0.0,0.07
Hákon Arnar Haraldsson,ISL,"MT,AT",Lille,21.0,2003,18.0,14.0,1209.0,13.4,4.0,2.0,6.0,4.0,0.0,0.0,3.0,0.0,3.0,3.0,1.8,4.7,38.0,75.0,105.0,0.3,0.15,0.45,0.3,0.45,0.22,0.13,0.35,0.22,0.35
Marco Asensio,ESP,"AT,MT",Paris S-G,29.0,1996,12.0,8.0,618.0,6.9,2.0,4.0,6.0,2.0,0.0,0.0,0.0,0.0,5.6,5.6,2.7,8.3,19.0,36.0,49.0,0.29,0.58,0.87,0.29,0.87,0.82,0.39,1.21,0.82,1.21
Lorenz Assignon,TOG,"DF,MT",Rennes,24.0,2000,25.0,21.0,1821.0,20.2,2.0,4.0,6.0,2.0,0.0,0.0,6.0,0.0,1.1,1.1,3.3,4.4,75.0,86.0,161.0,0.1,0.2,0.3,0.1,0.3,0.06,0.16,0.22,0.06,0.22
Dehmaine Assoumani,FRA,"MT,AT",Nantes,19.0,2005,9.0,0.0,81.0,0.9,0.0,0.0,0.0,0.0,0.0,0.0,0.0,0.0,0.1,0.1,0.9,1.0,4.0,1.0,14.0,0.0,0.0,0.0,0.0,0.0,0.1,0.96,1.06,0.1,1.06
Valentin Atangana Edoa,FRA,MT,Reims,19.0,2005,27.0,26.0,2227.0,24.7,1.0,0.0,1.0,1.0,0.0,0.0,7.0,0.0,1.4,1.4,0.5,1.9,36.0,78.0,25.0,0.04,0.0,0.04,0.04,0.04,0.06,0.02,0.08,0.06,0.08
Florian Ayé,FRA,AT,Auxerre,28.0,1997,19.0,4.0,445.0,4.9,2.0,0.0,2.0,2.0,0.0,0.0,0.0,0.0,1.5,1.5,0.1,1.6,4.0,5.0,25.0,0.4,0.0,0.4,0.4,0.4,0.31,0.01,0.32,0.31,0.32
André Ayew,GHA,AT,Le Havre,35.0,1989,20.0,12.0,1128.0,12.5,4.0,1.0,5.0,4.0,0.0,0.0,2.0,0.0,3.8,3.8,0.1,3.9,3.0,16.0,31.0,0.32,0.08,0.4,0.32,0.4,0.3,0.01,0.31,0.3,0.31
Neil El Aynaoui,FRA,MT,Lens,23.0,2001,18.0,11.0,1087.0,12.1,4.0,1.0,5.0,2.0,2.0,2.0,4.0,0.0,2.6,1.0,1.2,2.2,9.0,49.0,18.0,0.33,0.08,0.41,0.17,0.25,0.21,0.1,0.31,0.08,0.18
Shavy Babicka,GAB,"MT,AT",Toulouse,24.0,2000,26.0,10.0,1092.0,12.1,4.0,2.0,6.0,4.0,0.0,0.0,1.0,0.0,3.0,3.0,1.5,4.5,31.0,20.0,116.0,0.33,0.16,0.49,0.33,0.49,0.25,0.13,0.37,0.25,0.37
Juma Bah,SLE,DF,Lens,18.0,2006,4.0,2.0,197.0,2.2,0.0,0.0,0.0,0.0,0.0,0.0,1.0,0.0,0.0,0.0,0.0,0.0,0.0,1.0,0.0,0.0,0.0,0.0,0.0,0.0,0.0,0.02,0.02,0.0,0.02
Theo Bair,CAN,AT,Auxerre,25.0,1999,24.0,10.0,827.0,9.2,2.0,1.0,3.0,2.0,0.0,0.0,1.0,0.0,2.7,2.7,1.2,3.9,14.0,15.0,39.0,0.22,0.11,0.33,0.22,0.33,0.29,0.13,0.42,0.29,0.42
Mitchel Bakker,NED,"AT,DF",Lille,24.0,2000,19.0,11.0,942.0,10.5,2.0,2.0,4.0,2.0,0.0,0.0,3.0,1.0,2.9,2.9,2.6,5.5,37.0,47.0,97.0,0.19,0.19,0.38,0.19,0.38,0.27,0.25,0.52,0.27,0.52
Darryl Bakola,FRA,"DF,MT",Marseille,17.0,2007,2.0,0.0,14.0,0.2,0.0,0.0,0.0,0.0,0.0,0.0,1.0,0.0,0.0,0.0,0.0,0.0,0.0,0.0,0.0,0.0,0.0,0.0,0.0,0.0,0.0,0.0,0.0,0.0,0.0
Dilane Bakwa,FRA,"MT,AT",Strasbourg,22.0,2002,23.0,22.0,1918.0,21.3,4.0,8.0,12.0,4.0,0.0,0.0,3.0,0.0,3.9,3.9,5.1,9.0,81.0,93.0,184.0,0.19,0.38,0.56,0.19,0.56,0.18,0.24,0.42,0.18,0.42
Leonardo Balerdi,ARG,DF,Marseille,26.0,1999,23.0,23.0,1927.0,21.4,0.0,0.0,0.0,0.0,0.0,0.0,8.0,1.0,0.6,0.6,0.7,1.4,11.0,91.0,4.0,0.0,0.0,0.0,0.0,0.0,0.03,0.03,0.06,0.03,0.06
Fodé Ballo-Touré,SEN,DF,Le Havre,28.0,1997,4.0,4.0,206.0,2.3,0.0,0.0,0.0,0.0,0.0,0.0,0.0,0.0,0.0,0.0,0.0,0.0,8.0,5.0,8.0,0.0,0.0,0.0,0.0,0.0,0.0,0.0,0.0,0.0,0.0
Folarin Balogun,USA,AT,Monaco,23.0,2001,8.0,6.0,484.0,5.4,3.0,0.0,3.0,3.0,0.0,0.0,0.0,0.0,3.9,3.9,0.9,4.7,16.0,9.0,57.0,0.56,0.0,0.56,0.56,0.56,0.72,0.16,0.88,0.72,0.88
Abdoulaye Bamba,CIV,DF,Angers,34.0,1990,15.0,12.0,1150.0,12.8,0.0,0.0,0.0,0.0,0.0,0.0,2.0,0.0,0.0,0.0,0.3,0.3,1.0,13.0,3.0,0.0,0.0,0.0,0.0,0.0,0.0,0.02,0.02,0.0,0.02
Mohamed Bamba,CIV,MT,Reims,20.0,2004,2.0,0.0,10.0,0.1,0.0,0.0,0.0,0.0,0.0,0.0,0.0,0.0,0.0,0.0,0.0,0.0,0.0,3.0,0.0,0.0,0.0,0.0,0.0,0.0,0.0,0.0,0.0,0.0,0.0
Valentín Barco,ARG,"DF,MT",Strasbourg,20.0,2004,7.0,7.0,563.0,6.3,0.0,2.0,2.0,0.0,0.0,0.0,2.0,0.0,0.1,0.1,0.9,0.9,6.0,30.0,35.0,0.0,0.32,0.32,0.0,0.32,0.01,0.14,0.15,0.01,0.15
Bradley Barcola,FRA,AT,Paris S-G,22.0,2002,27.0,23.0,1804.0,20.0,13.0,9.0,22.0,13.0,0.0,0.0,2.0,0.0,12.1,12.1,9.0,21.1,113.0,72.0,299.0,0.65,0.45,1.1,0.65,1.1,0.6,0.45,1.05,0.6,1.05
Melvin Bard,FRA,"DF,MT",Nice,24.0,2000,18.0,16.0,1398.0,15.5,1.0,0.0,1.0,1.0,0.0,0.0,4.0,2.0,1.7,1.7,1.4,3.1,31.0,57.0,66.0,0.06,0.0,0.06,0.06,0.06,0.11,0.09,0.2,0.11,0.2
Gabriel Bares,SUI,"MT,DF",Montpellier,24.0,2000,6.0,0.0,56.0,0.6,0.0,0.0,0.0,0.0,0.0,0.0,0.0,0.0,0.0,0.0,0.0,0.0,1.0,3.0,0.0,0.0,0.0,0.0,0.0,0.0,0.0,0.0,0.0,0.0,0.0
Dylan Batubinsika,COD,DF,Saint-Étienne,29.0,1996,24.0,22.0,1971.0,21.9,0.0,0.0,0.0,0.0,0.0,0.0,3.0,1.0,0.5,0.5,0.2,0.7,11.0,49.0,1.0,0.0,0.0,0.0,0.0,0.0,0.03,0.01,0.03,0.03,0.03
Haris Belkebla,ALG,MT,Angers,31.0,1994,22.0,21.0,1792.0,19.9,0.0,1.0,1.0,0.0,0.0,0.0,1.0,0.0,0.1,0.1,0.9,1.0,8.0,69.0,15.0,0.0,0.05,0.05,0.0,0.05,0.0,0.05,0.05,0.0,0.05
Yassin Belkhdim,FRA,MT,Angers,23.0,2002,23.0,10.0,1014.0,11.3,0.0,0.0,0.0,0.0,0.0,0.0,2.0,0.0,0.5,0.5,0.3,0.8,12.0,26.0,23.0,0.0,0.0,0.0,0.0,0.0,0.04,0.03,0.07,0.04,0.07
Eliesse Ben Seghir,MAR,"MT,AT",Monaco,20.0,2005,26.0,17.0,1513.0,16.8,6.0,3.0,9.0,4.0,2.0,2.0,0.0,0.0,5.1,3.6,4.5,8.2,78.0,109.0,151.0,0.36,0.18,0.54,0.24,0.42,0.3,0.27,0.57,0.22,0.49
Ismaël Bennacer,ALG,MT,Marseille,27.0,1997,6.0,5.0,368.0,4.1,0.0,0.0,0.0,0.0,0.0,0.0,1.0,0.0,0.1,0.1,1.0,1.1,10.0,54.0,6.0,0.0,0.0,0.0,0.0,0.0,0.02,0.24,0.26,0.02,0.26
Saïd Benrahma,ALG,"AT,MT",Lyon,29.0,1995,13.0,9.0,735.0,8.2,1.0,3.0,4.0,1.0,0.0,0.0,0.0,0.0,2.0,2.0,2.1,4.0,41.0,32.0,109.0,0.12,0.37,0.49,0.12,0.49,0.24,0.25,0.49,0.24,0.49
Nabil Bentaleb,ALG,"MT,AT",Lille,30.0,1994,5.0,1.0,144.0,1.6,1.0,0.0,1.0,1.0,0.0,0.0,0.0,0.0,0.6,0.6,0.0,0.7,0.0,9.0,1.0,0.62,0.0,0.62,0.62,0.62,0.39,0.02,0.41,0.39,0.41
Lucas Beraldo,BRA,DF,Paris S-G,21.0,2003,19.0,18.0,1612.0,17.9,1.0,0.0,1.0,1.0,0.0,0.0,5.0,0.0,0.7,0.7,0.3,1.0,8.0,103.0,0.0,0.06,0.0,0.06,0.06,0.06,0.04,0.02,0.06,0.04,0.06
Maxime Bernauer,FRA,DF,Saint-Étienne,26.0,1998,3.0,1.0,134.0,1.5,0.0,0.0,0.0,0.0,0.0,0.0,2.0,0.0,0.0,0.0,0.0,0.0,2.0,10.0,0.0,0.0,0.0,0.0,0.0,0.0,0.03,0.0,0.03,0.03,0.03
Dimitry Bertaud,COD,GB,Montpellier,26.0,1998,3.0,3.0,270.0,3.0,0.0,0.0,0.0,0.0,0.0,0.0,0.0,0.0,0.0,0.0,0.0,0.0,0.0,0.0,0.0,0.0,0.0,0.0,0.0,0.0,0.0,0.0,0.0,0.0,0.0
Mika Biereth,DEN,AT,Monaco,22.0,2003,10.0,10.0,802.0,8.9,12.0,2.0,14.0,11.0,1.0,2.0,0.0,0.0,9.6,8.0,3.7,11.7,8.0,18.0,81.0,1.35,0.22,1.57,1.23,1.46,1.07,0.42,1.49,0.9,1.31
Emmanuel Biumla,FRA,DF,Angers,19.0,2005,16.0,15.0,1318.0,14.6,1.0,0.0,1.0,1.0,0.0,0.0,2.0,0.0,0.7,0.7,0.0,0.8,3.0,16.0,0.0,0.07,0.0,0.07,0.07,0.07,0.05,0.0,0.05,0.05,0.05
Marco Bizot,NED,GB,Brest,34.0,1991,26.0,26.0,2340.0,26.0,0.0,0.0,0.0,0.0,0.0,0.0,3.0,0.0,0.0,0.0,0.0,0.0,0.0,1.0,0.0,0.0,0.0,0.0,0.0,0.0,0.0,0.0,0.0,0.0,0.0
Ludovic Blas,FRA,"MT,AT",Rennes,27.0,1997,24.0,23.0,1995.0,22.2,6.0,7.0,13.0,6.0,0.0,0.0,5.0,0.0,4.7,4.7,3.7,8.5,69.0,98.0,162.0,0.27,0.32,0.59,0.27,0.59,0.21,0.17,0.38,0.21,0.38
Augustine Boakye,GHA,"AT,MT",Saint-Étienne,24.0,2000,17.0,8.0,733.0,8.1,3.0,0.0,3.0,3.0,0.0,0.0,5.0,0.0,1.8,1.8,0.9,2.7,25.0,35.0,60.0,0.37,0.0,0.37,0.37,0.37,0.22,0.11,0.34,0.22,0.34
Mathéo Bodmer,FRA,MT,Le Havre,20.0,2004,1.0,0.0,6.0,0.1,0.0,0.0,0.0,0.0,0.0,0.0,0.0,0.0,0.0,0.0,0.0,0.0,0.0,0.0,0.0,0.0,0.0,0.0,0.0,0.0,0.0,0.0,0.0,0.0,0.0
Jeremie Boga,CIV,"MT,AT",Nice,28.0,1997,17.0,9.0,771.0,8.6,1.0,2.0,3.0,1.0,0.0,0.0,0.0,0.0,1.5,1.5,2.2,3.7,42.0,22.0,54.0,0.12,0.23,0.35,0.12,0.35,0.18,0.26,0.44,0.18,0.44
Moïse Bombito,CAN,DF,Nice,25.0,2000,22.0,20.0,1800.0,20.0,0.0,0.0,0.0,0.0,0.0,0.0,2.0,1.0,0.7,0.7,0.2,0.9,24.0,81.0,8.0,0.0,0.0,0.0,0.0,0.0,0.03,0.01,0.05,0.03,0.05
Saïmon Bouabré,FRA,"MT,AT",Monaco,18.0,2006,2.0,1.0,72.0,0.8,0.0,0.0,0.0,0.0,0.0,0.0,0.0,0.0,0.0,0.0,0.0,0.0,3.0,2.0,3.0,0.0,0.0,0.0,0.0,0.0,0.0,0.0,0.0,0.0,0.0
Ayyoub Bouaddi,FRA,MT,Lille,17.0,2007,21.0,10.0,1031.0,11.5,0.0,1.0,1.0,0.0,0.0,0.0,2.0,0.0,0.0,0.0,1.0,1.0,10.0,33.0,17.0,0.0,0.09,0.09,0.0,0.09,0.0,0.08,0.09,0.0,0.09
Badredine Bouanani,ALG,"MT,AT",Nice,20.0,2004,19.0,6.0,681.0,7.6,2.0,0.0,2.0,2.0,0.0,0.0,2.0,0.0,1.3,1.3,1.0,2.3,31.0,30.0,53.0,0.26,0.0,0.26,0.26,0.26,0.18,0.13,0.31,0.18,0.31
Benjamin Bouchouari,MAR,MT,Saint-Étienne,23.0,2001,21.0,17.0,1479.0,16.4,1.0,0.0,1.0,1.0,0.0,0.0,4.0,0.0,0.6,0.6,0.9,1.5,38.0,107.0,48.0,0.06,0.0,0.06,0.06,0.06,0.04,0.05,0.09,0.04,0.09
Hicham Boudaoui,ALG,MT,Nice,25.0,1999,22.0,20.0,1825.0,20.3,2.0,1.0,3.0,2.0,0.0,0.0,8.0,0.0,2.5,2.5,1.4,3.9,39.0,98.0,48.0,0.1,0.05,0.15,0.1,0.15,0.12,0.07,0.19,0.12,0.19
Justin Bourgault,FRA,DF,Brest,19.0,2005,2.0,2.0,122.0,1.4,1.0,0.0,1.0,1.0,0.0,0.0,0.0,0.0,0.1,0.1,0.1,0.2,2.0,4.0,12.0,0.74,0.0,0.74,0.74,0.74,0.05,0.1,0.15,0.05,0.15
Benjamin Bourigeaud,FRA,MT,Rennes,31.0,1994,1.0,1.0,80.0,0.9,1.0,0.0,1.0,1.0,0.0,0.0,0.0,0.0,0.2,0.2,0.0,0.2,0.0,4.0,4.0,1.13,0.0,1.13,1.13,1.13,0.17,0.0,0.17,0.17,0.17
Bilal Brahimi,ALG,MT,Nice,25.0,2000,2.0,1.0,76.0,0.8,0.0,0.0,0.0,0.0,0.0,0.0,0.0,0.0,0.0,0.0,0.0,0.1,3.0,4.0,10.0,0.0,0.0,0.0,0.0,0.0,0.05,0.01,0.07,0.05,0.07
Lilian Brassier,FRA,DF,Marseille,25.0,1999,12.0,9.0,779.0,8.7,0.0,0.0,0.0,0.0,0.0,0.0,3.0,0.0,0.2,0.2,0.0,0.3,11.0,40.0,8.0,0.0,0.0,0.0,0.0,0.0,0.03,0.0,0.03,0.03,0.03
Lilian Brassier,FRA,DF,Rennes,25.0,1999,7.0,7.0,604.0,6.7,1.0,0.0,1.0,1.0,0.0,0.0,0.0,0.0,1.3,1.3,0.2,1.4,16.0,37.0,6.0,0.15,0.0,0.15,0.15,0.15,0.19,0.02,0.21,0.19,0.21
Anthony Briançon,FRA,DF,Saint-Étienne,30.0,1994,1.0,0.0,1.0,0.0,0.0,0.0,0.0,0.0,0.0,0.0,0.0,0.0,0.0,0.0,0.0,0.0,0.0,0.0,0.0,0.0,0.0,0.0,0.0,0.0,0.0,0.0,0.0,0.0,0.0
Aurélio Buta,POR,DF,Reims,28.0,1997,21.0,19.0,1561.0,17.3,0.0,1.0,1.0,0.0,0.0,0.0,5.0,0.0,0.2,0.2,0.4,0.6,19.0,72.0,51.0,0.0,0.06,0.06,0.0,0.06,0.01,0.02,0.03,0.01,0.03
Marcin Bułka,POL,GB,Nice,25.0,1999,27.0,27.0,2430.0,27.0,0.0,0.0,0.0,0.0,0.0,0.0,0.0,0.0,0.0,0.0,0.2,0.2,0.0,0.0,0.0,0.0,0.0,0.0,0.0,0.0,0.0,0.01,0.01,0.0,0.01
Rémy Cabella,FRA,"AT,MT",Lille,35.0,1990,21.0,11.0,898.0,10.0,0.0,2.0,2.0,0.0,0.0,0.0,1.0,0.0,2.7,2.7,1.9,4.6,41.0,65.0,114.0,0.0,0.2,0.2,0.0,0.2,0.27,0.19,0.46,0.27,0.46
Mathieu Cafaro,FRA,"MT,AT",Saint-Étienne,28.0,1997,15.0,9.0,732.0,8.1,1.0,0.0,1.0,1.0,0.0,0.0,3.0,1.0,1.5,1.5,1.3,2.8,19.0,16.0,51.0,0.12,0.0,0.12,0.12,0.12,0.18,0.16,0.34,0.18,0.34
Duje Ćaleta-Car,CRO,DF,Lyon,28.0,1996,15.0,14.0,1247.0,13.9,1.0,0.0,1.0,1.0,0.0,0.0,7.0,0.0,1.7,1.7,0.1,1.9,3.0,36.0,0.0,0.07,0.0,0.07,0.07,0.07,0.13,0.01,0.13,0.13,0.13
Issiaga Camara,GUI,MT,Nice,20.0,2005,4.0,0.0,20.0,0.2,0.0,0.0,0.0,0.0,0.0,0.0,0.0,0.0,0.0,0.0,0.0,0.0,1.0,2.0,1.0,0.0,0.0,0.0,0.0,0.0,0.0,0.0,0.0,0.0,0.0
Lamine Camara,SEN,MT,Monaco,21.0,2004,23.0,19.0,1607.0,17.9,2.0,6.0,8.0,2.0,0.0,0.0,7.0,1.0,2.3,2.3,3.7,6.0,22.0,114.0,39.0,0.11,0.34,0.45,0.11,0.45,0.13,0.21,0.34,0.13,0.34
Mahdi Camara,FRA,"MT,AT",Brest,26.0,1998,27.0,24.0,2059.0,22.9,4.0,2.0,6.0,4.0,0.0,0.0,4.0,0.0,3.0,3.0,1.8,4.8,43.0,87.0,80.0,0.17,0.09,0.26,0.17,0.26,0.13,0.08,0.21,0.13,0.21
Axel Camblan,FRA,"MT,AT",Brest,21.0,2003,2.0,0.0,26.0,0.3,0.0,0.0,0.0,0.0,0.0,0.0,0.0,0.0,0.0,0.0,0.0,0.0,2.0,2.0,1.0,0.0,0.0,0.0,0.0,0.0,0.17,0.0,0.17,0.17,0.17
Jaydee Canvot,FRA,"DF,MT",Toulouse,18.0,2006,13.0,8.0,730.0,8.1,0.0,0.0,0.0,0.0,0.0,0.0,1.0,0.0,0.1,0.1,0.3,0.5,6.0,31.0,0.0,0.0,0.0,0.0,0.0,0.0,0.02,0.04,0.06,0.02,0.06
Pierrick Capelle,FRA,MT,Angers,37.0,1987,16.0,3.0,483.0,5.4,0.0,0.0,0.0,0.0,0.0,0.0,4.0,0.0,0.2,0.2,1.2,1.4,10.0,22.0,17.0,0.0,0.0,0.0,0.0,0.0,0.04,0.22,0.26,0.04,0.26
Gabin Capuano,FRA,AT,Lens,18.0,2006,1.0,0.0,11.0,0.1,0.0,0.0,0.0,0.0,0.0,0.0,0.0,0.0,0.0,0.0,0.0,0.0,0.0,0.0,1.0,0.0,0.0,0.0,0.0,0.0,0.0,0.0,0.0,0.0,0.0
Maxence Caqueret,FRA,MT,Lyon,25.0,2000,9.0,6.0,573.0,6.4,0.0,0.0,0.0,0.0,0.0,0.0,1.0,0.0,0.7,0.7,0.4,1.1,14.0,50.0,15.0,0.0,0.0,0.0,0.0,0.0,0.1,0.07,0.17,0.1,0.17
Simon Cara,FRA,MT,Montpellier,19.0,2005,1.0,0.0,6.0,0.1,0.0,0.0,0.0,0.0,0.0,0.0,0.0,0.0,0.0,0.0,0.0,0.0,0.0,0.0,0.0,0.0,0.0,0.0,0.0,0.0,0.0,0.0,0.0,0.0,0.0
Valentin Carboni,ARG,"MT,AT",Marseille,20.0,2005,4.0,1.0,103.0,1.1,0.0,0.0,0.0,0.0,0.0,0.0,1.0,0.0,0.0,0.0,0.1,0.2,4.0,4.0,8.0,0.0,0.0,0.0,0.0,0.0,0.04,0.1,0.14,0.04,0.14
Irvin Cardona,FRA,AT,Saint-Étienne,27.0,1997,7.0,5.0,453.0,5.0,2.0,1.0,3.0,2.0,0.0,0.0,2.0,0.0,1.4,1.4,1.0,2.4,19.0,15.0,62.0,0.4,0.2,0.6,0.4,0.6,0.28,0.19,0.47,0.28,0.47
Patrik Carlgren,SWE,GB,Nantes,33.0,1992,3.0,3.0,270.0,3.0,0.0,0.0,0.0,0.0,0.0,0.0,0.0,0.0,0.0,0.0,0.0,0.0,0.0,0.0,0.0,0.0,0.0,0.0,0.0,0.0,0.0,0.0,0.0,0.0,0.0
Josué Casimir,FRA,"AT,MT",Le Havre,23.0,2001,20.0,16.0,1399.0,15.5,3.0,2.0,5.0,3.0,0.0,0.0,4.0,0.0,2.6,2.6,2.3,4.9,50.0,30.0,91.0,0.19,0.13,0.32,0.19,0.32,0.16,0.15,0.31,0.16,0.31
Cristian Cásseres Jr.,VEN,MT,Toulouse,25.0,2000,25.0,24.0,2066.0,23.0,1.0,2.0,3.0,1.0,0.0,0.0,8.0,0.0,0.6,0.6,2.1,2.7,23.0,99.0,36.0,0.04,0.09,0.13,0.04,0.13,0.03,0.09,0.12,0.03,0.12
Jean-Charles Castelletto,CMR,"DF,MT",Nantes,30.0,1995,24.0,24.0,2080.0,23.1,0.0,0.0,0.0,0.0,0.0,0.0,4.0,1.0,1.2,1.2,0.1,1.3,14.0,76.0,8.0,0.0,0.0,0.0,0.0,0.0,0.05,0.0,0.06,0.05,0.06
Fabien Centonze,FRA,DF,Nantes,29.0,1996,2.0,1.0,78.0,0.9,0.0,0.0,0.0,0.0,0.0,0.0,0.0,0.0,0.0,0.0,0.2,0.2,3.0,8.0,13.0,0.0,0.0,0.0,0.0,0.0,0.0,0.17,0.17,0.0,0.17
Brendan Chardonnet,FRA,DF,Brest,30.0,1994,22.0,22.0,1966.0,21.8,1.0,0.0,1.0,1.0,0.0,0.0,3.0,0.0,0.6,0.6,0.6,1.2,7.0,46.0,4.0,0.05,0.0,0.05,0.05,0.05,0.03,0.03,0.06,0.03,0.06
Jhoanner Chávez,ECU,"DF,MT",Lens,22.0,2002,10.0,7.0,596.0,6.6,1.0,0.0,1.0,1.0,0.0,0.0,1.0,0.0,0.3,0.3,0.7,1.0,14.0,9.0,36.0,0.15,0.0,0.15,0.15,0.15,0.04,0.11,0.15,0.04,0.15
Théo Chennahi,FRA,"MT,DF",Montpellier,20.0,2005,2.0,0.0,8.0,0.1,0.0,0.0,0.0,0.0,0.0,0.0,1.0,0.0,0.0,0.0,0.0,0.0,0.0,0.0,0.0,0.0,0.0,0.0,0.0,0.0,0.0,0.0,0.0,0.0,0.0
Sidiki Cherif,FRA,AT,Angers,18.0,2006,7.0,3.0,324.0,3.6,0.0,0.0,0.0,0.0,0.0,0.0,0.0,0.0,0.7,0.7,0.2,0.9,8.0,3.0,16.0,0.0,0.0,0.0,0.0,0.0,0.2,0.05,0.25,0.2,0.25
Rayan Cherki,FRA,"AT,MT",Lyon,21.0,2003,23.0,17.0,1494.0,16.6,6.0,9.0,15.0,6.0,0.0,0.0,3.0,0.0,4.2,4.2,8.3,12.5,59.0,164.0,134.0,0.36,0.54,0.9,0.36,0.9,0.25,0.5,0.75,0.25,0.75
Lucas Chevalier,FRA,GB,Lille,23.0,2001,27.0,27.0,2430.0,27.0,0.0,0.0,0.0,0.0,0.0,0.0,0.0,0.0,0.0,0.0,0.5,0.5,0.0,1.0,0.0,0.0,0.0,0.0,0.0,0.0,0.0,0.02,0.02,0.0,0.02
Pedro Chirivella,ESP,MT,Nantes,27.0,1997,25.0,23.0,1919.0,21.3,0.0,2.0,2.0,0.0,0.0,0.0,5.0,0.0,0.3,0.3,1.4,1.7,6.0,137.0,19.0,0.0,0.09,0.09,0.0,0.09,0.02,0.07,0.08,0.02,0.08
Joris Chotard,FRA,MT,Montpellier,23.0,2001,18.0,18.0,1446.0,16.1,1.0,0.0,1.0,1.0,0.0,0.0,5.0,0.0,1.1,1.1,0.3,1.3,15.0,60.0,29.0,0.06,0.0,0.06,0.06,0.06,0.07,0.02,0.08,0.07,0.08
Djaoui Cissé,FRA,MT,Rennes,21.0,2004,7.0,7.0,575.0,6.4,1.0,0.0,1.0,1.0,0.0,0.0,3.0,0.0,0.3,0.3,0.2,0.5,8.0,52.0,7.0,0.16,0.0,0.16,0.16,0.16,0.04,0.04,0.08,0.04,0.08
Yoann Cissé,FRA,MT,Auxerre,20.0,2004,1.0,0.0,1.0,0.0,0.0,0.0,0.0,0.0,0.0,0.0,0.0,0.0,0.0,0.0,0.0,0.0,0.0,0.0,0.0,0.0,0.0,0.0,0.0,0.0,0.0,0.0,0.0,0.0,0.0
Jonathan Clauss,FRA,"DF,MT",Nice,32.0,1992,21.0,20.0,1679.0,18.7,3.0,5.0,8.0,3.0,0.0,0.0,6.0,0.0,1.9,1.9,5.2,7.1,38.0,67.0,105.0,0.16,0.27,0.43,0.16,0.43,0.1,0.28,0.38,0.1,0.38
Marcus Coco,FRA,DF,Nantes,28.0,1996,17.0,10.0,910.0,10.1,0.0,1.0,1.0,0.0,0.0,0.0,3.0,1.0,0.1,0.1,1.2,1.3,12.0,34.0,38.0,0.0,0.1,0.1,0.0,0.1,0.01,0.12,0.13,0.01,0.13
Alois Confais,FRA,MT,Le Havre,28.0,1996,1.0,0.0,3.0,0.0,0.0,0.0,0.0,0.0,0.0,0.0,0.0,0.0,0.0,0.0,0.0,0.0,0.0,0.0,0.0,0.0,0.0,0.0,0.0,0.0,0.0,0.0,0.0,0.0,0.0
Francis Coquelin,FRA,"MT,AT",Nantes,33.0,1991,3.0,1.0,67.0,0.7,0.0,1.0,1.0,0.0,0.0,0.0,0.0,0.0,0.5,0.5,0.9,1.4,0.0,4.0,1.0,0.0,1.34,1.34,0.0,1.34,0.74,1.16,1.9,0.74,1.9
Derek Cornelius,CAN,DF,Marseille,27.0,1997,18.0,15.0,1261.0,14.0,0.0,0.0,0.0,0.0,0.0,0.0,9.0,2.0,0.8,0.8,0.1,0.9,9.0,61.0,11.0,0.0,0.0,0.0,0.0,0.0,0.06,0.01,0.07,0.06,0.07
Pierre Cornud,FRA,DF,Saint-Étienne,28.0,1996,11.0,7.0,576.0,6.4,0.0,0.0,0.0,0.0,0.0,0.0,2.0,0.0,0.0,0.0,0.3,0.3,11.0,19.0,17.0,0.0,0.0,0.0,0.0,0.0,0.0,0.05,0.05,0.0,0.05
David Costa,POR,"MT,AT",Lens,24.0,2001,11.0,3.0,352.0,3.9,0.0,0.0,0.0,0.0,0.0,0.0,0.0,1.0,1.2,1.2,0.4,1.6,14.0,24.0,20.0,0.0,0.0,0.0,0.0,0.0,0.31,0.1,0.41,0.31,0.41
Logan Costa,CPV,DF,Toulouse,23.0,2001,1.0,1.0,90.0,1.0,0.0,0.0,0.0,0.0,0.0,0.0,0.0,0.0,0.0,0.0,0.5,0.5,1.0,4.0,1.0,0.0,0.0,0.0,0.0,0.0,0.0,0.5,0.5,0.0,0.5
Grégoire Coudert,FRA,GB,Brest,25.0,1999,1.0,1.0,90.0,1.0,0.0,0.0,0.0,0.0,0.0,0.0,0.0,0.0,0.0,0.0,0.0,0.0,0.0,0.0,0.0,0.0,0.0,0.0,0.0,0.0,0.0,0.0,0.0,0.0,0.0
Lasso Coulibaly,GHA,"AT,MT",Auxerre,22.0,2002,2.0,0.0,38.0,0.4,1.0,0.0,1.0,1.0,0.0,0.0,0.0,0.0,0.2,0.2,0.0,0.2,0.0,0.0,3.0,2.37,0.0,2.37,2.37,2.37,0.52,0.0,0.52,0.52,0.52
Mamadou Coulibaly,FRA,MT,Monaco,20.0,2004,1.0,0.0,8.0,0.1,0.0,0.0,0.0,0.0,0.0,0.0,0.0,0.0,0.1,0.1,0.0,0.1,0.0,0.0,1.0,0.0,0.0,0.0,0.0,0.0,0.85,0.0,0.85,0.85,0.85
Soumaïla Coulibaly,FRA,DF,Brest,21.0,2003,7.0,5.0,438.0,4.9,0.0,0.0,0.0,0.0,0.0,0.0,1.0,0.0,0.2,0.2,0.1,0.3,1.0,16.0,0.0,0.0,0.0,0.0,0.0,0.0,0.03,0.02,0.05,0.03,0.05
Tanguy Coulibaly,FRA,"AT,MT",Montpellier,24.0,2001,17.0,9.0,825.0,9.2,2.0,0.0,2.0,2.0,0.0,0.0,3.0,2.0,2.5,2.5,0.8,3.2,39.0,12.0,66.0,0.22,0.0,0.22,0.22,0.22,0.27,0.08,0.35,0.27,0.35
Marius Courcoul,FRA,"DF,MT",Angers,18.0,2007,4.0,0.0,44.0,0.5,0.0,0.0,0.0,0.0,0.0,0.0,0.0,0.0,0.0,0.0,0.0,0.0,3.0,3.0,3.0,0.0,0.0,0.0,0.0,0.0,0.0,0.0,0.0,0.0,0.0
Nicolas Cozza,FRA,DF,Nantes,26.0,1999,22.0,19.0,1665.0,18.5,1.0,0.0,1.0,1.0,0.0,0.0,2.0,1.0,1.2,1.2,1.4,2.6,21.0,56.0,43.0,0.05,0.0,0.05,0.05,0.05,0.06,0.08,0.14,0.06,0.14
Charlie Cresswell,ENG,DF,Toulouse,22.0,2002,25.0,23.0,2053.0,22.8,2.0,1.0,3.0,2.0,0.0,0.0,2.0,0.0,2.7,2.7,1.6,4.3,8.0,56.0,10.0,0.09,0.04,0.13,0.09,0.13,0.12,0.07,0.19,0.12,0.19
Kévin Danois,FRA,MT,Auxerre,20.0,2004,21.0,15.0,1379.0,15.3,0.0,0.0,0.0,0.0,0.0,0.0,1.0,0.0,1.4,1.4,2.2,3.5,17.0,90.0,48.0,0.0,0.0,0.0,0.0,0.0,0.09,0.14,0.23,0.09,0.23
Kevin Danso,AUT,DF,Lens,26.0,1998,12.0,12.0,1080.0,12.0,0.0,0.0,0.0,0.0,0.0,0.0,3.0,0.0,0.5,0.5,1.0,1.5,9.0,52.0,1.0,0.0,0.0,0.0,0.0,0.0,0.04,0.09,0.13,0.04,0.13
Dante,BRA,DF,Nice,41.0,1983,21.0,19.0,1732.0,19.2,0.0,0.0,0.0,0.0,0.0,0.0,5.0,1.0,0.4,0.4,0.1,0.5,17.0,88.0,7.0,0.0,0.0,0.0,0.0,0.0,0.02,0.01,0.03,0.02,0.03
Pape Daouda Diongue,SEN,"MT,AT",Strasbourg,,,9.0,1.0,78.0,0.9,1.0,0.0,1.0,1.0,0.0,0.0,0.0,0.0,1.0,1.0,0.2,1.2,2.0,2.0,3.0,1.15,0.0,1.15,1.15,1.15,1.18,0.23,1.41,1.18,1.41
Mohammed Daramy,DEN,AT,Reims,23.0,2002,2.0,0.0,16.0,0.2,0.0,0.0,0.0,0.0,0.0,0.0,0.0,0.0,0.0,0.0,0.1,0.1,3.0,0.0,2.0,0.0,0.0,0.0,0.0,0.0,0.2,0.32,0.51,0.2,0.51
Jonathan David,CAN,AT,Lille,25.0,2000,25.0,21.0,1990.0,22.1,14.0,3.0,17.0,8.0,6.0,7.0,4.0,0.0,14.1,8.6,3.5,12.1,26.0,47.0,146.0,0.63,0.14,0.77,0.36,0.5,0.64,0.16,0.8,0.39,0.55
Zuriko Davitashvili,GEO,"AT,MT",Saint-Étienne,24.0,2001,25.0,24.0,2089.0,23.2,7.0,5.0,12.0,5.0,2.0,2.0,1.0,0.0,5.9,4.3,3.4,7.7,77.0,55.0,149.0,0.3,0.22,0.52,0.22,0.43,0.25,0.15,0.4,0.18,0.33
Théo De Percin,MTQ,GB,Auxerre,24.0,2001,2.0,2.0,180.0,2.0,0.0,0.0,0.0,0.0,0.0,0.0,0.0,0.0,0.0,0.0,0.0,0.0,0.0,0.0,0.0,0.0,0.0,0.0,0.0,0.0,0.0,0.0,0.0,0.0,0.0
Thibault De Smet,BEL,DF,Reims,26.0,1998,5.0,2.0,192.0,2.1,0.0,0.0,0.0,0.0,0.0,0.0,0.0,0.0,0.1,0.1,0.0,0.1,1.0,9.0,2.0,0.0,0.0,0.0,0.0,0.0,0.07,0.0,0.07,0.07,0.07
Amar Dedić,BIH,DF,Marseille,22.0,2002,7.0,2.0,255.0,2.8,0.0,1.0,1.0,0.0,0.0,0.0,0.0,0.0,0.9,0.9,0.8,1.7,20.0,13.0,37.0,0.0,0.35,0.35,0.0,0.35,0.3,0.29,0.59,0.3,0.59
Romain Del Castillo,FRA,AT,Brest,29.0,1996,19.0,12.0,1051.0,11.7,5.0,3.0,8.0,2.0,3.0,4.0,0.0,0.0,4.6,1.4,2.7,4.1,25.0,49.0,93.0,0.43,0.26,0.69,0.17,0.43,0.39,0.23,0.63,0.12,0.35
Thomas Delaine,FRA,DF,Strasbourg,33.0,1992,2.0,0.0,9.0,0.1,0.0,0.0,0.0,0.0,0.0,0.0,0.0,0.0,0.0,0.0,0.0,0.0,0.0,0.0,1.0,0.0,0.0,0.0,0.0,0.0,0.0,0.0,0.0,0.0,0.0
Andy Delort,ALG,AT,Montpellier,33.0,1991,7.0,6.0,453.0,5.0,0.0,0.0,0.0,0.0,0.0,0.0,1.0,0.0,1.0,1.0,0.8,1.8,3.0,5.0,16.0,0.0,0.0,0.0,0.0,0.0,0.2,0.15,0.36,0.2,0.36
Ousmane Dembélé,FRA,AT,Paris S-G,27.0,1997,25.0,17.0,1500.0,16.7,21.0,5.0,26.0,20.0,1.0,1.0,1.0,0.0,14.9,14.1,6.9,21.0,113.0,112.0,215.0,1.26,0.3,1.56,1.2,1.5,0.89,0.41,1.31,0.85,1.26
Arthur Desmas,FRA,GB,Le Havre,30.0,1994,18.0,18.0,1620.0,18.0,0.0,0.0,0.0,0.0,0.0,0.0,2.0,0.0,0.0,0.0,0.0,0.0,0.0,0.0,0.0,0.0,0.0,0.0,0.0,0.0,0.0,0.0,0.0,0.0,0.0
Mamadou Diakhon,FRA,"AT,MT",Reims,19.0,2005,23.0,5.0,688.0,7.6,2.0,1.0,3.0,2.0,0.0,0.0,2.0,0.0,0.8,0.8,0.8,1.6,47.0,15.0,67.0,0.26,0.13,0.39,0.26,0.39,0.1,0.1,0.2,0.1,0.2
Bafodé Diakité,FRA,DF,Lille,24.0,2001,26.0,26.0,2340.0,26.0,3.0,1.0,4.0,3.0,0.0,0.0,4.0,0.0,1.9,1.9,0.2,2.1,11.0,71.0,3.0,0.12,0.04,0.15,0.12,0.15,0.07,0.01,0.08,0.07,0.08
Oumar Diakité,CIV,AT,Reims,21.0,2003,24.0,20.0,1599.0,17.8,4.0,1.0,5.0,4.0,0.0,1.0,6.0,0.0,5.5,4.7,1.1,5.8,24.0,44.0,92.0,0.23,0.06,0.28,0.23,0.28,0.31,0.06,0.37,0.26,0.32
Habib Diarra,SEN,"MT,AT",Strasbourg,21.0,2004,23.0,23.0,1947.0,21.6,4.0,3.0,7.0,2.0,2.0,2.0,6.0,0.0,3.0,1.4,4.0,5.4,51.0,97.0,92.0,0.18,0.14,0.32,0.09,0.23,0.14,0.18,0.32,0.06,0.25
Krépin Diatta,SEN,DF,Monaco,26.0,1999,14.0,2.0,399.0,4.4,0.0,0.0,0.0,0.0,0.0,0.0,1.0,0.0,0.2,0.2,0.8,0.9,12.0,17.0,34.0,0.0,0.0,0.0,0.0,0.0,0.04,0.18,0.21,0.04,0.21
Kandet Diawara,GUI,AT,Le Havre,25.0,2000,1.0,0.0,4.0,0.0,0.0,0.0,0.0,0.0,0.0,0.0,0.0,0.0,0.0,0.0,0.0,0.0,0.0,0.0,0.0,0.0,0.0,0.0,0.0,0.0,0.0,0.0,0.0,0.0,0.0
Mahamadou Diawara,FRA,MT,Le Havre,20.0,2005,8.0,5.0,445.0,4.9,0.0,1.0,1.0,0.0,0.0,0.0,0.0,0.0,0.4,0.4,0.4,0.7,5.0,12.0,4.0,0.0,0.2,0.2,0.0,0.2,0.08,0.07,0.15,0.08,0.15
Mahamadou Diawara,FRA,MT,Lyon,20.0,2005,2.0,0.0,16.0,0.2,0.0,0.0,0.0,0.0,0.0,0.0,0.0,0.0,0.0,0.0,0.0,0.0,1.0,1.0,0.0,0.0,0.0,0.0,0.0,0.0,0.0,0.0,0.0,0.0,0.0
Bamba Dieng,SEN,AT,Angers,25.0,2000,17.0,5.0,512.0,5.7,3.0,0.0,3.0,2.0,1.0,1.0,1.0,0.0,3.1,2.3,0.0,2.4,6.0,5.0,34.0,0.53,0.0,0.53,0.35,0.35,0.55,0.01,0.56,0.41,0.42
Kembo Diliwidi,FRA,DF,Lens,19.0,2006,1.0,0.0,4.0,0.0,0.0,0.0,0.0,0.0,0.0,0.0,0.0,0.0,0.0,0.0,0.0,0.0,0.0,1.0,0.0,0.0,0.0,0.0,0.0,0.0,0.0,0.0,0.0,0.0,0.0
Sinaly Diomande,CIV,DF,Auxerre,23.0,2001,16.0,15.0,1315.0,14.6,3.0,2.0,5.0,3.0,0.0,0.0,3.0,0.0,1.1,1.1,0.5,1.6,2.0,50.0,4.0,0.21,0.14,0.34,0.21,0.34,0.08,0.04,0.11,0.08,0.11
Lois Diony,FRA,AT,Angers,32.0,1992,1.0,0.0,21.0,0.2,0.0,0.0,0.0,0.0,0.0,0.0,0.0,0.0,0.0,0.0,0.0,0.0,0.0,0.0,2.0,0.0,0.0,0.0,0.0,0.0,0.0,0.0,0.0,0.0,0.0
Sérigné Diop,SEN,AT,Brest,19.0,2005,2.0,0.0,4.0,0.0,0.0,0.0,0.0,0.0,0.0,0.0,0.0,0.0,0.0,0.0,0.0,0.0,0.0,0.0,0.0,0.0,0.0,0.0,0.0,0.0,0.0,0.0,0.0,0.0,0.0
Sofiane Diop,FRA,"MT,AT",Nice,24.0,2000,23.0,8.0,952.0,10.6,6.0,3.0,9.0,6.0,0.0,0.0,3.0,0.0,5.9,5.9,1.8,7.7,21.0,56.0,59.0,0.57,0.28,0.85,0.57,0.85,0.55,0.17,0.73,0.55,0.73
Andy Diouf,FRA,MT,Lens,21.0,2003,27.0,20.0,1690.0,18.8,1.0,1.0,2.0,1.0,0.0,0.0,2.0,0.0,1.9,1.9,1.8,3.7,57.0,89.0,59.0,0.05,0.05,0.11,0.05,0.11,0.1,0.1,0.2,0.1,0.2
Yehvann Diouf,FRA,GB,Reims,25.0,1999,27.0,27.0,2430.0,27.0,0.0,0.0,0.0,0.0,0.0,0.0,1.0,0.0,0.1,0.1,0.0,0.1,0.0,0.0,0.0,0.0,0.0,0.0,0.0,0.0,0.0,0.0,0.0,0.0,0.0
Assane Dioussé,SEN,MT,Auxerre,27.0,1997,10.0,2.0,215.0,2.4,0.0,0.0,0.0,0.0,0.0,0.0,1.0,0.0,0.0,0.0,0.0,0.1,0.0,16.0,1.0,0.0,0.0,0.0,0.0,0.0,0.02,0.0,0.02,0.02,0.02
Álex Domínguez,ESP,GB,Toulouse,26.0,1998,1.0,0.0,19.0,0.2,0.0,0.0,0.0,0.0,0.0,0.0,0.0,0.0,0.0,0.0,0.0,0.0,0.0,0.0,0.0,0.0,0.0,0.0,0.0,0.0,0.0,0.0,0.0,0.0,0.0
Gianluigi Donnarumma,ITA,GB,Paris S-G,26.0,1999,20.0,20.0,1731.0,19.2,0.0,0.0,0.0,0.0,0.0,0.0,2.0,0.0,0.0,0.0,0.0,0.0,0.0,0.0,0.0,0.0,0.0,0.0,0.0,0.0,0.0,0.0,0.0,0.0,0.0
Sékou Doucoure,FRA,DF,Nantes,19.0,2005,1.0,0.0,1.0,0.0,0.0,0.0,0.0,0.0,0.0,0.0,0.0,0.0,0.0,0.0,0.0,0.0,0.0,0.0,0.0,0.0,0.0,0.0,0.0,0.0,0.0,0.0,0.0,0.0,0.0
Désiré Doué,FRA,"AT,MT",Paris S-G,19.0,2005,24.0,14.0,1363.0,15.1,4.0,6.0,10.0,4.0,0.0,0.0,1.0,0.0,3.4,3.4,6.4,9.7,79.0,107.0,167.0,0.26,0.4,0.66,0.26,0.66,0.22,0.42,0.64,0.22,0.64
Guela Doué,CIV,DF,Strasbourg,22.0,2002,26.0,25.0,2266.0,25.2,1.0,1.0,2.0,1.0,0.0,0.0,5.0,0.0,0.8,0.8,0.4,1.2,44.0,144.0,44.0,0.04,0.04,0.08,0.04,0.08,0.03,0.01,0.05,0.03,0.05
Douglas,BRA,MT,Nantes,28.0,1997,22.0,22.0,1812.0,20.1,2.0,2.0,4.0,2.0,0.0,0.0,6.0,0.0,3.0,3.0,1.4,4.4,11.0,99.0,28.0,0.1,0.1,0.2,0.1,0.2,0.15,0.07,0.22,0.15,0.22
Ismaël Doukouré,FRA,"DF,MT",Strasbourg,21.0,2003,24.0,24.0,2048.0,22.8,0.0,1.0,1.0,0.0,0.0,0.0,6.0,0.0,0.1,0.1,1.0,1.1,12.0,87.0,6.0,0.0,0.04,0.04,0.0,0.04,0.0,0.05,0.05,0.0,0.05
Kamory Doumbia,MLI,MT,Brest,22.0,2003,23.0,10.0,1032.0,11.5,2.0,2.0,4.0,2.0,0.0,0.0,1.0,0.0,2.2,2.2,0.9,3.1,10.0,49.0,43.0,0.17,0.17,0.35,0.17,0.35,0.19,0.08,0.27,0.19,0.27
Amidou Doumbouya,FRA,DF,Nice,17.0,2007,2.0,0.0,46.0,0.5,0.0,0.0,0.0,0.0,0.0,0.0,0.0,0.0,0.0,0.0,0.0,0.0,1.0,1.0,0.0,0.0,0.0,0.0,0.0,0.0,0.0,0.0,0.0,0.0,0.0
Jean-Kevin Duverne,HAI,DF,Nantes,27.0,1997,9.0,7.0,537.0,6.0,0.0,0.0,0.0,0.0,0.0,0.0,2.0,0.0,0.3,0.3,0.1,0.4,6.0,22.0,8.0,0.0,0.0,0.0,0.0,0.0,0.05,0.02,0.06,0.05,0.06
Stefan Džodić,SRB,"DF,MT",Montpellier,20.0,2005,5.0,2.0,190.0,2.1,0.0,0.0,0.0,0.0,0.0,0.0,2.0,1.0,0.1,0.1,0.0,0.1,2.0,7.0,0.0,0.0,0.0,0.0,0.0,0.0,0.03,0.0,0.03,0.03,0.03
Aron Dønnum,NOR,"DF,MT",Toulouse,26.0,1998,26.0,25.0,2155.0,23.9,1.0,2.0,3.0,1.0,0.0,0.0,4.0,0.0,1.8,1.8,4.0,5.8,83.0,107.0,114.0,0.04,0.08,0.13,0.04,0.13,0.07,0.17,0.24,0.07,0.24
Noah Edjouma,FRA,"MT,AT",Toulouse,19.0,2005,7.0,0.0,114.0,1.3,2.0,0.0,2.0,2.0,0.0,0.0,0.0,0.0,1.3,1.3,0.0,1.3,6.0,4.0,11.0,1.58,0.0,1.58,1.58,1.58,1.01,0.0,1.01,1.01,1.01
Jacques Ekomie,GAB,DF,Angers,21.0,2003,11.0,3.0,343.0,3.8,0.0,0.0,0.0,0.0,0.0,0.0,0.0,0.0,0.0,0.0,0.0,0.0,8.0,10.0,14.0,0.0,0.0,0.0,0.0,0.0,0.0,0.0,0.0,0.0,0.0
Pierre Ekwah Elimby,FRA,MT,Saint-Étienne,23.0,2002,21.0,21.0,1855.0,20.6,1.0,0.0,1.0,1.0,0.0,0.0,3.0,0.0,0.4,0.4,0.7,1.1,16.0,100.0,9.0,0.05,0.0,0.05,0.05,0.05,0.02,0.04,0.05,0.02,0.05
Meschak Elia,COD,"AT,MT",Nantes,27.0,1997,6.0,0.0,83.0,0.9,1.0,0.0,1.0,1.0,0.0,0.0,0.0,0.0,1.0,1.0,0.1,1.1,7.0,3.0,12.0,1.08,0.0,1.08,1.08,1.08,1.08,0.06,1.14,1.08,1.14
Breel Embolo,SUI,"AT,MT",Monaco,28.0,1997,23.0,14.0,1349.0,15.0,5.0,4.0,9.0,5.0,0.0,0.0,4.0,0.0,9.2,9.2,4.3,13.5,14.0,35.0,109.0,0.33,0.27,0.6,0.33,0.6,0.61,0.29,0.9,0.61,0.9
Emanuel Emegha,NED,AT,Strasbourg,22.0,2003,22.0,22.0,1846.0,20.5,12.0,2.0,14.0,12.0,0.0,0.0,5.0,0.0,14.2,14.2,2.2,16.4,32.0,9.0,86.0,0.59,0.1,0.68,0.59,0.68,0.69,0.11,0.8,0.69,0.8
Romain Faivre,FRA,"MT,AT",Brest,26.0,1998,19.0,10.0,894.0,9.9,3.0,2.0,5.0,2.0,1.0,1.0,2.0,0.0,2.5,1.7,1.9,3.6,24.0,44.0,48.0,0.3,0.2,0.5,0.2,0.4,0.25,0.19,0.45,0.18,0.37
Khalil Fayad,FRA,"MT,AT",Montpellier,20.0,2004,14.0,6.0,665.0,7.4,0.0,0.0,0.0,0.0,0.0,0.0,2.0,0.0,0.8,0.8,0.2,0.9,10.0,34.0,15.0,0.0,0.0,0.0,0.0,0.0,0.11,0.02,0.13,0.11,0.13
Luiz Felipe,ITA,DF,Marseille,28.0,1997,2.0,1.0,75.0,0.8,0.0,0.0,0.0,0.0,0.0,0.0,0.0,0.0,0.0,0.0,0.0,0.0,0.0,1.0,0.0,0.0,0.0,0.0,0.0,0.0,0.0,0.0,0.0,0.0,0.0
Zinedine Ferhat,ALG,AT,Angers,32.0,1993,19.0,6.0,702.0,7.8,2.0,0.0,2.0,2.0,0.0,0.0,1.0,0.0,1.4,1.4,2.0,3.4,14.0,34.0,54.0,0.26,0.0,0.26,0.26,0.26,0.17,0.26,0.43,0.17,0.43
Edimilson Fernandes,SUI,MT,Brest,28.0,1996,16.0,9.0,835.0,9.3,0.0,1.0,1.0,0.0,0.0,0.0,1.0,0.0,0.4,0.4,0.5,0.9,4.0,30.0,1.0,0.0,0.11,0.11,0.0,0.11,0.04,0.06,0.1,0.04,0.1
Matias Fernandez-Pardo,BEL,AT,Lille,20.0,2005,15.0,6.0,549.0,6.1,2.0,1.0,3.0,2.0,0.0,0.0,3.0,0.0,1.7,1.7,1.2,2.9,26.0,14.0,45.0,0.33,0.16,0.49,0.33,0.49,0.28,0.2,0.48,0.28,0.48
Jordan Ferri,FRA,MT,Montpellier,33.0,1992,18.0,14.0,1217.0,13.5,0.0,1.0,1.0,0.0,0.0,0.0,5.0,1.0,0.3,0.3,0.5,0.8,8.0,92.0,29.0,0.0,0.07,0.07,0.0,0.07,0.02,0.04,0.06,0.02,0.06
Karol Fila,POL,MT,Strasbourg,26.0,1998,1.0,0.0,5.0,0.1,0.0,0.0,0.0,0.0,0.0,0.0,1.0,0.0,0.0,0.0,0.0,0.0,0.0,0.0,0.0,0.0,0.0,0.0,0.0,0.0,0.0,0.0,0.0,0.0,0.0
Malick Fofana,BEL,AT,Lyon,20.0,2005,24.0,12.0,1206.0,13.4,4.0,4.0,8.0,4.0,0.0,0.0,1.0,0.0,3.6,3.6,2.5,6.1,77.0,38.0,140.0,0.3,0.3,0.6,0.3,0.6,0.27,0.19,0.46,0.27,0.46
Rayan Fofana,FRA,"AT,MT",Lens,19.0,2006,2.0,0.0,25.0,0.3,0.0,0.0,0.0,0.0,0.0,0.0,0.0,0.0,0.0,0.0,0.0,0.0,0.0,0.0,2.0,0.0,0.0,0.0,0.0,0.0,0.0,0.0,0.0,0.0,0.0
Seko Fofana,CIV,MT,Rennes,29.0,1995,10.0,5.0,503.0,5.6,1.0,1.0,2.0,1.0,0.0,0.0,3.0,0.0,0.7,0.7,0.7,1.4,22.0,46.0,21.0,0.18,0.18,0.36,0.18,0.36,0.12,0.13,0.25,0.12,0.25
Yahia Fofana,CIV,GB,Angers,24.0,2000,27.0,27.0,2430.0,27.0,0.0,0.0,0.0,0.0,0.0,0.0,4.0,0.0,0.0,0.0,0.1,0.1,0.0,0.0,0.0,0.0,0.0,0.0,0.0,0.0,0.0,0.0,0.0,0.0,0.0
Lamine Fomba,FRA,MT,Saint-Étienne,27.0,1998,7.0,3.0,217.0,2.4,0.0,0.0,0.0,0.0,0.0,0.0,2.0,0.0,0.0,0.0,0.3,0.3,5.0,18.0,5.0,0.0,0.0,0.0,0.0,0.0,0.01,0.12,0.13,0.01,0.13
Przemysław Frankowski,POL,DF,Lens,29.0,1995,18.0,16.0,1387.0,15.4,4.0,2.0,6.0,2.0,2.0,2.0,3.0,0.0,2.3,0.7,2.5,3.2,33.0,117.0,95.0,0.26,0.13,0.39,0.13,0.26,0.15,0.16,0.31,0.05,0.21
Angelo Fulgini,FRA,"MT,AT",Lens,28.0,1996,20.0,11.0,925.0,10.3,1.0,1.0,2.0,1.0,0.0,0.0,3.0,0.0,2.1,2.1,2.6,4.7,24.0,62.0,103.0,0.1,0.1,0.19,0.1,0.19,0.21,0.25,0.46,0.21,0.46
Kyogo Furuhashi,JPN,AT,Rennes,30.0,1995,5.0,1.0,115.0,1.3,0.0,0.0,0.0,0.0,0.0,0.0,0.0,0.0,0.1,0.1,0.0,0.1,0.0,0.0,3.0,0.0,0.0,0.0,0.0,0.0,0.1,0.0,0.1,0.1,0.1
Gauthier Gallon,FRA,GB,Rennes,31.0,1993,1.0,0.0,45.0,0.5,0.0,0.0,0.0,0.0,0.0,0.0,0.0,0.0,0.0,0.0,0.0,0.0,0.0,0.0,0.0,0.0,0.0,0.0,0.0,0.0,0.0,0.0,0.0,0.0,0.0
Ignatius Ganago,CMR,"AT,MT",Nantes,26.0,1999,11.0,1.0,241.0,2.7,0.0,0.0,0.0,0.0,0.0,0.0,1.0,0.0,0.4,0.4,0.3,0.7,5.0,9.0,26.0,0.0,0.0,0.0,0.0,0.0,0.15,0.09,0.25,0.15,0.25
Ulisses Garcia,SUI,DF,Marseille,29.0,1996,14.0,5.0,516.0,5.7,2.0,1.0,3.0,2.0,0.0,0.0,1.0,0.0,1.5,1.5,0.7,2.2,12.0,25.0,70.0,0.35,0.17,0.52,0.35,0.52,0.26,0.11,0.37,0.26,0.37
Jean-Philippe Gbamin,CIV,MT,Nantes,29.0,1995,14.0,2.0,216.0,2.4,0.0,0.0,0.0,0.0,0.0,0.0,1.0,0.0,0.5,0.5,0.0,0.5,2.0,12.0,1.0,0.0,0.0,0.0,0.0,0.0,0.22,0.0,0.22,0.22,0.22
Mory Gbane,CIV,"DF,MT",Reims,24.0,2000,7.0,7.0,585.0,6.5,0.0,0.0,0.0,0.0,0.0,0.0,1.0,0.0,0.1,0.1,0.1,0.2,1.0,16.0,3.0,0.0,0.0,0.0,0.0,0.0,0.02,0.02,0.04,0.02,0.04
Yann Gboho,FRA,"MT,AT",Toulouse,24.0,2001,24.0,21.0,1818.0,20.2,2.0,3.0,5.0,2.0,0.0,0.0,2.0,0.0,4.5,4.5,2.7,7.2,93.0,79.0,156.0,0.1,0.15,0.25,0.1,0.25,0.22,0.13,0.35,0.22,0.35
Denis Genreau,AUS,MT,Toulouse,25.0,1999,8.0,2.0,222.0,2.5,0.0,0.0,0.0,0.0,0.0,0.0,0.0,0.0,0.3,0.3,0.5,0.8,9.0,13.0,7.0,0.0,0.0,0.0,0.0,0.0,0.12,0.19,0.31,0.12,0.31
Aleksandr Golovin,RUS,"MT,AT",Monaco,28.0,1996,18.0,13.0,1143.0,12.7,3.0,0.0,3.0,3.0,0.0,0.0,1.0,0.0,2.3,2.3,2.4,4.7,38.0,112.0,72.0,0.24,0.0,0.24,0.24,0.24,0.18,0.19,0.37,0.18,0.37
André Gomes,POR,MT,Lille,31.0,1993,16.0,12.0,947.0,10.5,0.0,0.0,0.0,0.0,0.0,0.0,3.0,0.0,0.4,0.4,0.7,1.2,13.0,79.0,21.0,0.0,0.0,0.0,0.0,0.0,0.04,0.07,0.11,0.04,0.11
Angel Gomes,ENG,MT,Lille,24.0,2000,14.0,10.0,736.0,8.2,1.0,1.0,2.0,1.0,0.0,1.0,1.0,0.0,1.7,0.9,2.1,3.0,15.0,49.0,47.0,0.12,0.12,0.24,0.12,0.24,0.21,0.26,0.47,0.11,0.37
Carlos Gómez,COL,"MT,AT",Rennes,22.0,2002,13.0,2.0,319.0,3.5,1.0,0.0,1.0,1.0,0.0,0.0,0.0,0.0,0.2,0.2,0.2,0.4,8.0,8.0,42.0,0.28,0.0,0.28,0.28,0.28,0.05,0.07,0.11,0.05,0.11
Mathieu Gorgelin,FRA,GB,Le Havre,34.0,1990,9.0,9.0,810.0,9.0,0.0,0.0,0.0,0.0,0.0,0.0,1.0,0.0,0.0,0.0,0.0,0.0,0.0,0.0,0.0,0.0,0.0,0.0,0.0,0.0,0.0,0.0,0.0,0.0,0.0
Amine Gouiri,ALG,"AT,MT",Marseille,25.0,2000,8.0,7.0,625.0,6.9,4.0,3.0,7.0,4.0,0.0,0.0,0.0,0.0,4.6,4.6,2.9,7.5,13.0,16.0,71.0,0.58,0.43,1.01,0.58,1.01,0.67,0.41,1.08,0.67,1.08
Amine Gouiri,ALG,"MT,AT",Rennes,25.0,2000,19.0,11.0,1037.0,11.5,3.0,2.0,5.0,3.0,0.0,0.0,2.0,0.0,3.5,3.5,0.4,3.9,22.0,46.0,63.0,0.26,0.17,0.43,0.26,0.43,0.3,0.03,0.34,0.3,0.34
Jonathan Gradit,FRA,DF,Lens,32.0,1992,19.0,18.0,1572.0,17.5,0.0,0.0,0.0,0.0,0.0,0.0,4.0,0.0,0.6,0.6,0.5,1.1,10.0,90.0,3.0,0.0,0.0,0.0,0.0,0.0,0.03,0.03,0.06,0.03,0.06
Samuel Grandsir,FRA,"MT,AT",Le Havre,28.0,1996,6.0,0.0,84.0,0.9,0.0,0.0,0.0,0.0,0.0,0.0,0.0,0.0,0.0,0.0,0.6,0.6,5.0,6.0,5.0,0.0,0.0,0.0,0.0,0.0,0.0,0.67,0.67,0.0,0.67
Mason Greenwood,ENG,"AT,MT",Marseille,23.0,2001,27.0,25.0,2191.0,24.3,15.0,3.0,18.0,10.0,5.0,6.0,1.0,0.0,12.2,7.4,4.2,11.6,100.0,123.0,231.0,0.62,0.12,0.74,0.41,0.53,0.5,0.17,0.67,0.3,0.48
Albert Grønbaek,DEN,"MT,AT",Rennes,23.0,2001,16.0,9.0,813.0,9.0,2.0,1.0,3.0,2.0,0.0,0.0,1.0,0.0,1.5,1.5,1.0,2.5,23.0,30.0,58.0,0.22,0.11,0.33,0.22,0.33,0.17,0.12,0.28,0.17,0.28
Gabriel Gudmundsson,SWE,DF,Lille,25.0,1999,25.0,18.0,1579.0,17.5,2.0,0.0,2.0,2.0,0.0,0.0,3.0,0.0,0.6,0.6,1.1,1.8,67.0,82.0,104.0,0.11,0.0,0.11,0.11,0.11,0.04,0.06,0.1,0.04,0.1
Axel Gueguin,FRA,AT,Montpellier,20.0,2005,1.0,0.0,23.0,0.3,0.0,0.0,0.0,0.0,0.0,0.0,0.0,0.0,0.0,0.0,0.0,0.0,0.0,1.0,1.0,0.0,0.0,0.0,0.0,0.0,0.0,0.0,0.0,0.0,0.0
Evann Guessand,CIV,"AT,MT",Nice,23.0,2001,27.0,27.0,2311.0,25.7,11.0,7.0,18.0,11.0,0.0,0.0,2.0,0.0,8.0,8.0,4.5,12.5,78.0,72.0,145.0,0.43,0.27,0.7,0.43,0.7,0.31,0.17,0.49,0.31,0.49
Bahereba Guirassy,FRA,"AT,MT",Nantes,18.0,2006,15.0,2.0,317.0,3.5,2.0,0.0,2.0,2.0,0.0,0.0,0.0,0.0,0.7,0.7,0.1,0.8,13.0,6.0,32.0,0.57,0.0,0.57,0.57,0.57,0.2,0.01,0.22,0.2,0.22
Massadio Haïdara,MLI,DF,Brest,32.0,1992,15.0,14.0,1145.0,12.7,0.0,0.0,0.0,0.0,0.0,0.0,3.0,2.0,0.2,0.2,0.3,0.5,24.0,54.0,55.0,0.0,0.0,0.0,0.0,0.0,0.02,0.02,0.04,0.02,0.04
Achraf Hakimi,MAR,DF,Paris S-G,26.0,1998,21.0,20.0,1736.0,19.3,4.0,6.0,10.0,4.0,0.0,0.0,4.0,0.0,2.6,2.6,6.0,8.6,84.0,146.0,229.0,0.21,0.31,0.52,0.21,0.52,0.13,0.31,0.45,0.13,0.45
Florent Hanin,ALG,DF,Angers,35.0,1990,26.0,24.0,2081.0,23.1,1.0,2.0,3.0,1.0,0.0,0.0,1.0,0.0,0.9,0.9,1.6,2.6,38.0,83.0,95.0,0.04,0.09,0.13,0.04,0.13,0.04,0.07,0.11,0.04,0.11
Amine Harit,MAR,MT,Marseille,27.0,1997,9.0,8.0,472.0,5.2,2.0,3.0,5.0,2.0,0.0,0.0,0.0,1.0,0.7,0.7,1.3,2.0,12.0,33.0,21.0,0.38,0.57,0.95,0.38,0.95,0.14,0.25,0.39,0.14,0.39
Hans Hateboer,NED,DF,Rennes,31.0,1994,24.0,17.0,1589.0,17.7,0.0,0.0,0.0,0.0,0.0,0.0,3.0,0.0,0.4,0.4,1.5,1.9,27.0,89.0,61.0,0.0,0.0,0.0,0.0,0.0,0.02,0.08,0.11,0.02,0.11
Kjetil Haug,NOR,GB,Toulouse,26.0,1998,6.0,5.0,498.0,5.5,0.0,0.0,0.0,0.0,0.0,0.0,0.0,0.0,0.0,0.0,0.0,0.0,0.0,0.0,0.0,0.0,0.0,0.0,0.0,0.0,0.0,0.0,0.0,0.0,0.0
Luis Henrique,BRA,"DF,AT",Marseille,23.0,2001,27.0,24.0,2140.0,23.8,7.0,5.0,12.0,7.0,0.0,0.0,0.0,0.0,2.9,2.9,4.0,6.9,71.0,124.0,231.0,0.29,0.21,0.5,0.29,0.5,0.12,0.17,0.29,0.12,0.29
Lucas Hernández,FRA,DF,Paris S-G,29.0,1996,12.0,6.0,562.0,6.2,0.0,0.0,0.0,0.0,0.0,0.0,2.0,0.0,0.0,0.0,0.0,0.0,4.0,26.0,4.0,0.0,0.0,0.0,0.0,0.0,0.0,0.0,0.0,0.0,0.0
Ki-Jana Hoever,NED,DF,Auxerre,23.0,2002,24.0,21.0,1714.0,19.0,0.0,2.0,2.0,0.0,0.0,0.0,3.0,1.0,0.3,0.3,2.3,2.5,48.0,66.0,99.0,0.0,0.11,0.11,0.0,0.11,0.01,0.12,0.13,0.01,0.13
Cédric Hountondji,BEN,DF,Angers,31.0,1994,3.0,3.0,270.0,3.0,0.0,0.0,0.0,0.0,0.0,0.0,0.0,0.0,0.0,0.0,0.0,0.0,0.0,1.0,0.0,0.0,0.0,0.0,0.0,0.0,0.0,0.0,0.0,0.0,0.0
Ilyes Housni,FRA,"AT,MT",Le Havre,19.0,2005,10.0,3.0,226.0,2.5,0.0,0.0,0.0,0.0,0.0,0.0,0.0,0.0,0.2,0.2,0.2,0.4,8.0,4.0,22.0,0.0,0.0,0.0,0.0,0.0,0.09,0.08,0.18,0.09,0.18
Pierre Højbjerg,DEN,MT,Marseille,29.0,1995,24.0,24.0,2155.0,23.9,2.0,3.0,5.0,2.0,0.0,0.0,5.0,0.0,3.0,3.0,3.0,6.0,34.0,223.0,43.0,0.08,0.13,0.21,0.08,0.21,0.12,0.13,0.25,0.12,0.25
Hafiz Ibrahim,NGA,AT,Reims,19.0,2005,4.0,1.0,142.0,1.6,0.0,1.0,1.0,0.0,0.0,0.0,2.0,1.0,0.3,0.3,0.5,0.7,4.0,1.0,6.0,0.0,0.63,0.63,0.0,0.63,0.16,0.3,0.46,0.16,0.46
George Ilenikhena,FRA,AT,Monaco,18.0,2006,20.0,5.0,637.0,7.1,3.0,2.0,5.0,3.0,0.0,0.0,0.0,0.0,4.8,4.8,1.3,6.1,8.0,8.0,52.0,0.42,0.28,0.71,0.42,0.71,0.68,0.19,0.87,0.68,0.87
Rareş Ilie,ROU,MT,Nice,21.0,2003,2.0,0.0,13.0,0.1,0.0,0.0,0.0,0.0,0.0,0.0,0.0,0.0,0.0,0.0,0.4,0.4,2.0,3.0,1.0,0.0,0.0,0.0,0.0,0.0,0.25,2.47,2.72,0.25,2.72
Ismaily,BRA,DF,Lille,35.0,1990,10.0,5.0,480.0,5.3,0.0,1.0,1.0,0.0,0.0,0.0,3.0,0.0,0.4,0.4,0.9,1.3,10.0,31.0,35.0,0.0,0.19,0.19,0.0,0.19,0.08,0.17,0.25,0.08,0.25
Yanis Issoufou,FRA,"MT,AT",Montpellier,18.0,2006,4.0,1.0,77.0,0.9,0.0,0.0,0.0,0.0,0.0,0.0,0.0,0.0,0.1,0.1,0.0,0.1,3.0,2.0,2.0,0.0,0.0,0.0,0.0,0.0,0.07,0.0,0.07,0.07,0.07
Junya Ito,JPN,AT,Reims,32.0,1993,27.0,26.0,2287.0,25.4,4.0,3.0,7.0,4.0,0.0,0.0,0.0,0.0,4.5,4.5,6.4,10.9,92.0,114.0,228.0,0.16,0.12,0.28,0.16,0.28,0.18,0.25,0.43,0.18,0.43
Jérémy Jacquet,FRA,DF,Rennes,19.0,2005,6.0,6.0,507.0,5.6,0.0,1.0,1.0,0.0,0.0,0.0,0.0,0.0,0.4,0.4,0.8,1.2,5.0,22.0,0.0,0.0,0.18,0.18,0.0,0.18,0.08,0.14,0.22,0.08,0.22
Ismail Jakobs,SEN,DF,Monaco,25.0,1999,2.0,2.0,180.0,2.0,0.0,0.0,0.0,0.0,0.0,0.0,0.0,0.0,0.0,0.0,0.2,0.2,9.0,6.0,17.0,0.0,0.0,0.0,0.0,0.0,0.0,0.11,0.11,0.0,0.11
Jordan James,WAL,MT,Rennes,20.0,2004,18.0,13.0,1037.0,11.5,0.0,1.0,1.0,0.0,0.0,0.0,4.0,0.0,0.7,0.7,1.6,2.3,20.0,62.0,12.0,0.0,0.09,0.09,0.0,0.09,0.06,0.14,0.2,0.06,0.2
Malcolm Jeng,SWE,DF,Reims,20.0,2005,1.0,1.0,45.0,0.5,0.0,0.0,0.0,0.0,0.0,0.0,0.0,0.0,0.0,0.0,0.0,0.0,0.0,2.0,0.0,0.0,0.0,0.0,0.0,0.0,0.0,0.0,0.0,0.0,0.0
John Joe,IRL,MT,Reims,21.0,2003,8.0,5.0,434.0,4.8,0.0,0.0,0.0,0.0,0.0,0.0,0.0,0.0,0.0,0.0,0.0,0.1,5.0,10.0,7.0,0.0,0.0,0.0,0.0,0.0,0.01,0.0,0.01,0.01,0.01
Karl-Johan Johnsson,SWE,GB,Strasbourg,35.0,1990,3.0,3.0,270.0,3.0,0.0,0.0,0.0,0.0,0.0,0.0,0.0,0.0,0.0,0.0,0.0,0.0,0.0,0.0,0.0,0.0,0.0,0.0,0.0,0.0,0.0,0.0,0.0,0.0,0.0
Paul Joly,FRA,DF,Auxerre,24.0,2000,19.0,8.0,777.0,8.6,0.0,1.0,1.0,0.0,0.0,0.0,3.0,1.0,0.4,0.4,1.1,1.5,24.0,40.0,52.0,0.0,0.12,0.12,0.0,0.12,0.05,0.13,0.18,0.05,0.18
Jota,POR,"AT,MT",Rennes,26.0,1999,9.0,3.0,334.0,3.7,1.0,0.0,1.0,1.0,0.0,0.0,0.0,0.0,1.3,1.3,0.3,1.6,13.0,16.0,35.0,0.27,0.0,0.27,0.27,0.27,0.36,0.08,0.44,0.36,0.44
Antoine Joujou,FRA,"MT,AT",Le Havre,22.0,2003,21.0,8.0,852.0,9.5,0.0,2.0,2.0,0.0,0.0,0.0,1.0,0.0,0.6,0.6,2.4,3.0,39.0,16.0,78.0,0.0,0.21,0.21,0.0,0.21,0.07,0.25,0.32,0.07,0.32
Jubal,BRA,DF,Auxerre,31.0,1993,24.0,24.0,2107.0,23.4,5.0,0.0,5.0,2.0,3.0,4.0,5.0,0.0,5.0,1.8,0.9,2.8,1.0,26.0,3.0,0.21,0.0,0.21,0.09,0.09,0.21,0.04,0.25,0.08,0.12
Hamed Junior Traorè,CIV,MT,Auxerre,25.0,2000,24.0,24.0,1953.0,21.7,10.0,2.0,12.0,10.0,0.0,0.0,5.0,0.0,7.7,7.7,2.7,10.3,64.0,89.0,137.0,0.46,0.09,0.55,0.46,0.55,0.35,0.12,0.48,0.35,0.48
Yaya Kader Fofana,MLI,"MT,AT",Reims,20.0,2004,12.0,8.0,634.0,7.0,1.0,1.0,2.0,1.0,0.0,0.0,4.0,0.0,0.6,0.6,1.7,2.3,19.0,22.0,29.0,0.14,0.14,0.28,0.14,0.28,0.09,0.24,0.32,0.09,0.32
Tino Kadewere,ZIM,"MT,AT",Nantes,29.0,1996,8.0,6.0,475.0,5.3,1.0,2.0,3.0,1.0,0.0,0.0,1.0,0.0,1.6,1.6,1.0,2.5,4.0,16.0,25.0,0.19,0.38,0.57,0.19,0.57,0.3,0.18,0.48,0.3,0.48
Arnaud Kalimuendo,FRA,AT,Rennes,23.0,2002,26.0,25.0,2062.0,22.9,13.0,1.0,14.0,8.0,5.0,7.0,2.0,0.0,11.8,6.5,1.2,7.7,38.0,61.0,143.0,0.57,0.04,0.61,0.35,0.39,0.51,0.05,0.57,0.28,0.34
Justin-Noël Kalumba,FRA,"AT,MT",Angers,20.0,2004,2.0,0.0,31.0,0.3,0.0,0.0,0.0,0.0,0.0,0.0,0.0,0.0,0.0,0.0,0.0,0.0,1.0,0.0,3.0,0.0,0.0,0.0,0.0,0.0,0.05,0.0,0.05,0.05,0.05
Waren Kamanzi,NOR,"DF,MT",Toulouse,24.0,2000,20.0,8.0,791.0,8.8,0.0,1.0,1.0,0.0,0.0,0.0,3.0,0.0,0.4,0.4,0.8,1.1,18.0,27.0,50.0,0.0,0.11,0.11,0.0,0.11,0.04,0.09,0.13,0.04,0.13
Glen Kamara,FIN,MT,Rennes,29.0,1995,13.0,8.0,662.0,7.4,0.0,1.0,1.0,0.0,0.0,0.0,0.0,0.0,0.2,0.2,0.2,0.3,5.0,34.0,22.0,0.0,0.14,0.14,0.0,0.14,0.02,0.02,0.05,0.02,0.05
Nordine Kandil,FRA,MT,Strasbourg,23.0,2001,1.0,0.0,10.0,0.1,0.0,0.0,0.0,0.0,0.0,0.0,0.0,0.0,0.0,0.0,0.0,0.0,1.0,0.0,0.0,0.0,0.0,0.0,0.0,0.0,0.0,0.0,0.0,0.0,0.0
Lee Kang-in,KOR,"AT,MT",Paris S-G,24.0,2001,26.0,15.0,1394.0,15.5,6.0,5.0,11.0,6.0,0.0,0.0,1.0,0.0,3.1,3.1,4.8,7.9,46.0,119.0,118.0,0.39,0.32,0.71,0.39,0.71,0.2,0.31,0.51,0.2,0.51
Yassine Kechta,MAR,"MT,AT",Le Havre,23.0,2002,24.0,19.0,1586.0,17.6,1.0,0.0,1.0,1.0,0.0,0.0,4.0,0.0,1.2,1.2,1.0,2.3,33.0,67.0,65.0,0.06,0.0,0.06,0.06,0.06,0.07,0.06,0.13,0.07,0.13
Thilo Kehrer,GER,DF,Monaco,28.0,1996,23.0,23.0,2070.0,23.0,4.0,0.0,4.0,4.0,0.0,0.0,0.0,0.0,1.3,1.3,0.3,1.6,12.0,117.0,2.0,0.17,0.0,0.17,0.17,0.17,0.06,0.01,0.07,0.06,0.07
Reda Khadra,GER,"MT,AT",Reims,23.0,2001,4.0,0.0,78.0,0.9,0.0,0.0,0.0,0.0,0.0,0.0,0.0,0.0,0.0,0.0,0.0,0.0,4.0,4.0,7.0,0.0,0.0,0.0,0.0,0.0,0.0,0.03,0.03,0.0,0.03
Wahbi Khazri,TUN,"AT,MT",Montpellier,34.0,1991,25.0,10.0,992.0,11.0,1.0,1.0,2.0,1.0,0.0,0.0,3.0,0.0,2.2,2.2,2.2,4.3,23.0,32.0,49.0,0.09,0.09,0.18,0.09,0.18,0.2,0.2,0.39,0.2,0.39
Abdukodir Khusanov,UZB,DF,Lens,21.0,2004,13.0,11.0,975.0,10.8,0.0,0.0,0.0,0.0,0.0,0.0,2.0,1.0,0.2,0.2,0.3,0.6,2.0,43.0,6.0,0.0,0.0,0.0,0.0,0.0,0.02,0.03,0.05,0.02,0.05
Presnel Kimpembe,FRA,DF,Paris S-G,29.0,1995,1.0,0.0,13.0,0.1,0.0,0.0,0.0,0.0,0.0,0.0,0.0,0.0,0.0,0.0,0.0,0.0,0.0,1.0,0.0,0.0,0.0,0.0,0.0,0.0,0.0,0.0,0.0,0.0,0.0
Joshua King,NOR,"AT,MT",Toulouse,33.0,1992,21.0,16.0,1281.0,14.2,5.0,2.0,7.0,5.0,0.0,0.0,2.0,0.0,5.2,5.2,1.7,6.9,26.0,23.0,87.0,0.35,0.14,0.49,0.35,0.49,0.37,0.12,0.49,0.37,0.49
Cédric Kipré,CIV,DF,Reims,28.0,1996,22.0,20.0,1696.0,18.8,0.0,1.0,1.0,0.0,0.0,0.0,3.0,1.0,0.6,0.6,1.0,1.6,10.0,59.0,1.0,0.0,0.05,0.05,0.0,0.05,0.03,0.05,0.08,0.03,0.08
Hervé Koffi,BFA,GB,Lens,28.0,1996,5.0,5.0,450.0,5.0,0.0,0.0,0.0,0.0,0.0,0.0,2.0,0.0,0.0,0.0,0.0,0.0,0.0,0.0,0.0,0.0,0.0,0.0,0.0,0.0,0.0,0.0,0.0,0.0,0.0
Philipp Köhn,SUI,GB,Monaco,26.0,1998,12.0,12.0,1080.0,12.0,0.0,0.0,0.0,0.0,0.0,0.0,1.0,0.0,0.0,0.0,0.0,0.0,0.0,0.0,0.0,0.0,0.0,0.0,0.0,0.0,0.0,0.0,0.0,0.0,0.0
Koka,EGY,AT,Le Havre,32.0,1993,10.0,6.0,543.0,6.0,2.0,0.0,2.0,1.0,1.0,1.0,1.0,0.0,4.2,3.4,0.6,4.0,0.0,8.0,10.0,0.33,0.0,0.33,0.17,0.17,0.69,0.09,0.79,0.56,0.66
Randal Kolo Muani,FRA,AT,Paris S-G,26.0,1998,10.0,2.0,358.0,4.0,2.0,1.0,3.0,1.0,1.0,1.0,0.0,0.0,4.7,3.9,0.9,4.7,8.0,5.0,35.0,0.5,0.25,0.75,0.25,0.5,1.17,0.21,1.39,0.98,1.19
Geoffrey Kondogbia,CTA,"DF,MT",Marseille,32.0,1993,20.0,17.0,1570.0,17.4,0.0,0.0,0.0,0.0,0.0,0.0,1.0,0.0,0.4,0.4,0.1,0.5,18.0,92.0,9.0,0.0,0.0,0.0,0.0,0.0,0.03,0.0,0.03,0.03,0.03
Abdoul Koné,FRA,DF,Reims,19.0,2005,3.0,1.0,120.0,1.3,0.0,0.0,0.0,0.0,0.0,0.0,0.0,0.0,0.0,0.0,0.0,0.0,0.0,3.0,0.0,0.0,0.0,0.0,0.0,0.0,0.0,0.0,0.0,0.0,0.0
Amadou Koné,MLI,MT,Reims,19.0,2005,17.0,10.0,808.0,9.0,0.0,0.0,0.0,0.0,0.0,0.0,1.0,1.0,0.4,0.4,0.1,0.5,15.0,48.0,8.0,0.0,0.0,0.0,0.0,0.0,0.05,0.01,0.06,0.05,0.06
Ismaël Koné,CAN,"MT,AT",Marseille,22.0,2002,8.0,3.0,360.0,4.0,0.0,0.0,0.0,0.0,0.0,0.0,0.0,0.0,0.3,0.3,0.4,0.6,2.0,10.0,10.0,0.0,0.0,0.0,0.0,0.0,0.07,0.09,0.16,0.07,0.16
Ismaël Koné,CAN,MT,Rennes,22.0,2002,7.0,2.0,261.0,2.9,1.0,1.0,2.0,1.0,0.0,0.0,0.0,0.0,0.1,0.1,1.3,1.4,8.0,14.0,10.0,0.34,0.34,0.69,0.34,0.69,0.03,0.44,0.47,0.03,0.47
Emmanuel Koum Mbondo,FRA,DF,Marseille,19.0,2006,1.0,0.0,12.0,0.1,0.0,0.0,0.0,0.0,0.0,0.0,0.0,0.0,0.0,0.0,0.0,0.0,0.0,0.0,0.0,0.0,0.0,0.0,0.0,0.0,0.0,0.0,0.0,0.0,0.0
Boubakar Kouyaté,MLI,DF,Montpellier,27.0,1997,9.0,6.0,576.0,6.4,0.0,0.0,0.0,0.0,0.0,0.0,6.0,1.0,0.5,0.5,0.0,0.5,3.0,5.0,0.0,0.0,0.0,0.0,0.0,0.0,0.08,0.0,0.08,0.08,0.08
Goduine Koyalipou,CTA,AT,Lens,25.0,2000,8.0,6.0,410.0,4.6,1.0,0.0,1.0,1.0,0.0,0.0,0.0,0.0,1.2,1.2,0.5,1.7,10.0,11.0,34.0,0.22,0.0,0.22,0.22,0.22,0.26,0.12,0.37,0.26,0.37
Sael Kumbedi,FRA,DF,Lyon,20.0,2005,11.0,10.0,794.0,8.8,0.0,0.0,0.0,0.0,0.0,0.0,2.0,0.0,0.3,0.3,0.2,0.5,19.0,30.0,59.0,0.0,0.0,0.0,0.0,0.0,0.03,0.02,0.05,0.03,0.05
Daler Kuzyaev,RUS,MT,Le Havre,32.0,1993,12.0,6.0,567.0,6.3,1.0,0.0,1.0,1.0,0.0,0.0,1.0,0.0,0.2,0.2,0.6,0.8,4.0,32.0,9.0,0.16,0.0,0.16,0.16,0.16,0.03,0.09,0.12,0.03,0.12
Khvicha Kvaratskhelia,GEO,AT,Paris S-G,24.0,2001,9.0,7.0,558.0,6.2,2.0,2.0,4.0,2.0,0.0,0.0,0.0,0.0,2.1,2.1,3.4,5.5,24.0,24.0,76.0,0.32,0.32,0.65,0.32,0.65,0.34,0.54,0.88,0.34,0.88
Rémy Labeau Lascary,GLP,"AT,MT",Lens,22.0,2003,14.0,6.0,637.0,7.1,2.0,1.0,3.0,2.0,0.0,0.0,5.0,0.0,2.5,2.5,1.1,3.6,17.0,7.0,71.0,0.28,0.14,0.42,0.28,0.42,0.36,0.15,0.51,0.36,0.51
Gaëtan Laborde,FRA,AT,Nice,30.0,1994,21.0,14.0,1290.0,14.3,9.0,4.0,13.0,5.0,4.0,4.0,1.0,0.0,9.2,6.0,2.8,8.8,25.0,30.0,100.0,0.63,0.28,0.91,0.35,0.63,0.64,0.2,0.84,0.42,0.62
Alexandre Lacazette,FRA,AT,Lyon,33.0,1991,24.0,18.0,1560.0,17.3,10.0,2.0,12.0,7.0,3.0,4.0,3.0,0.0,10.9,7.9,3.1,11.0,17.0,57.0,128.0,0.58,0.12,0.69,0.4,0.52,0.63,0.18,0.81,0.46,0.63
Younes Lachaab,FRA,"MT,AT",Lille,20.0,2005,2.0,0.0,9.0,0.1,0.0,0.0,0.0,0.0,0.0,0.0,0.0,0.0,0.1,0.1,0.0,0.1,1.0,0.0,1.0,0.0,0.0,0.0,0.0,0.0,0.95,0.0,0.95,0.95,0.95
Alban Lafont,FRA,GB,Nantes,26.0,1999,12.0,12.0,1080.0,12.0,0.0,0.0,0.0,0.0,0.0,0.0,1.0,0.0,0.0,0.0,0.0,0.0,0.0,0.0,0.0,0.0,0.0,0.0,0.0,0.0,0.0,0.0,0.0,0.0,0.0
Kenny Lala,MAD,DF,Brest,33.0,1991,24.0,23.0,2146.0,23.8,3.0,1.0,4.0,0.0,3.0,3.0,4.0,0.0,3.0,0.6,2.9,3.5,46.0,111.0,70.0,0.13,0.04,0.17,0.0,0.04,0.13,0.12,0.25,0.03,0.15
Mohamed Lamine Bayo,GUI,AT,Lille,26.0,1998,12.0,4.0,309.0,3.4,2.0,1.0,3.0,2.0,0.0,0.0,1.0,0.0,2.2,2.2,0.5,2.7,4.0,4.0,20.0,0.58,0.29,0.87,0.58,0.87,0.65,0.15,0.8,0.65,0.8
Gautier Larsonneur,FRA,GB,Saint-Étienne,28.0,1997,26.0,26.0,2340.0,26.0,0.0,0.0,0.0,0.0,0.0,0.0,4.0,0.0,0.0,0.0,0.0,0.0,0.0,0.0,0.0,0.0,0.0,0.0,0.0,0.0,0.0,0.0,0.0,0.0,0.0
Julien Le Cardinal,FRA,DF,Brest,27.0,1997,14.0,14.0,1243.0,13.8,0.0,1.0,1.0,0.0,0.0,0.0,2.0,0.0,0.4,0.4,0.3,0.7,7.0,38.0,1.0,0.0,0.07,0.07,0.0,0.07,0.03,0.02,0.05,0.03,0.05
Jérémy Le Douaron,FRA,AT,Brest,26.0,1998,2.0,1.0,102.0,1.1,0.0,0.0,0.0,0.0,0.0,0.0,0.0,0.0,0.2,0.2,0.0,0.2,1.0,1.0,7.0,0.0,0.0,0.0,0.0,0.0,0.14,0.0,0.14,0.14,0.14
Benjamin Lecomte,FRA,GB,Montpellier,33.0,1991,23.0,23.0,2070.0,23.0,0.0,0.0,0.0,0.0,0.0,0.0,0.0,0.0,0.0,0.0,0.1,0.1,0.0,1.0,0.0,0.0,0.0,0.0,0.0,0.0,0.0,0.0,0.0,0.0,0.0
Pierre Lees-Melou,FRA,MT,Brest,31.0,1993,14.0,11.0,997.0,11.1,1.0,1.0,2.0,1.0,0.0,0.0,3.0,0.0,0.9,0.9,1.9,2.8,18.0,78.0,31.0,0.09,0.09,0.18,0.09,0.18,0.08,0.17,0.25,0.08,0.25
Jordan Lefort,FRA,DF,Angers,31.0,1993,27.0,27.0,2430.0,27.0,0.0,1.0,1.0,0.0,0.0,0.0,1.0,0.0,0.3,0.3,1.1,1.3,3.0,75.0,11.0,0.0,0.04,0.04,0.0,0.04,0.01,0.04,0.05,0.01,0.05
Félix Lemaréchal,FRA,"MT,AT",Strasbourg,21.0,2003,20.0,14.0,1293.0,14.4,3.0,2.0,5.0,3.0,0.0,0.0,2.0,0.0,2.4,2.4,1.6,4.0,19.0,41.0,59.0,0.21,0.14,0.35,0.21,0.35,0.17,0.11,0.28,0.17,0.28
Donovan Léon,GUF,GB,Auxerre,32.0,1992,25.0,25.0,2250.0,25.0,0.0,2.0,2.0,0.0,0.0,0.0,2.0,0.0,0.0,0.0,0.4,0.4,0.0,1.0,0.0,0.0,0.08,0.08,0.0,0.08,0.0,0.01,0.01,0.0,0.01
Esteban Lepaul,FRA,AT,Angers,24.0,2000,21.0,11.0,1016.0,11.3,5.0,0.0,5.0,5.0,0.0,0.0,0.0,0.0,3.7,3.7,0.6,4.3,18.0,11.0,42.0,0.44,0.0,0.44,0.44,0.44,0.33,0.05,0.38,0.33,0.38
Johann Lepenant,FRA,MT,Nantes,22.0,2002,23.0,20.0,1755.0,19.5,2.0,1.0,3.0,2.0,0.0,0.0,3.0,0.0,1.2,1.2,0.9,2.2,22.0,77.0,53.0,0.1,0.05,0.15,0.1,0.15,0.06,0.05,0.11,0.06,0.11
Louis Leroux,FRA,"MT,DF",Nantes,19.0,2006,11.0,4.0,432.0,4.8,1.0,0.0,1.0,1.0,0.0,0.0,1.0,0.0,1.1,1.1,0.7,1.7,4.0,18.0,7.0,0.21,0.0,0.21,0.21,0.21,0.22,0.14,0.36,0.22,0.36
Pol Lirola,ESP,DF,Marseille,27.0,1997,15.0,5.0,580.0,6.4,1.0,2.0,3.0,1.0,0.0,0.0,1.0,1.0,0.5,0.5,0.7,1.2,11.0,19.0,40.0,0.16,0.31,0.47,0.16,0.47,0.08,0.11,0.19,0.08,0.19
Gautier Lloris,FRA,DF,Le Havre,29.0,1995,26.0,26.0,2339.0,26.0,2.0,1.0,3.0,2.0,0.0,0.0,5.0,0.0,1.2,1.2,0.9,2.0,13.0,91.0,7.0,0.08,0.04,0.12,0.08,0.12,0.04,0.03,0.08,0.04,0.08
Elysée Logbo,FRA,AT,Le Havre,20.0,2004,1.0,0.0,27.0,0.3,0.0,0.0,0.0,0.0,0.0,0.0,0.0,0.0,0.2,0.2,0.0,0.2,0.0,0.0,2.0,0.0,0.0,0.0,0.0,0.0,0.61,0.0,0.61,0.61,0.61
Anthony Lopes,POR,GB,Nantes,34.0,1990,12.0,12.0,1080.0,12.0,0.0,0.0,0.0,0.0,0.0,0.0,1.0,0.0,0.0,0.0,0.0,0.0,0.0,0.0,0.0,0.0,0.0,0.0,0.0,0.0,0.0,0.0,0.0,0.0,0.0
Jordan Lotomba,SUI,"MT,DF",Nice,26.0,1998,2.0,0.0,35.0,0.4,0.0,0.0,0.0,0.0,0.0,0.0,0.0,0.0,0.0,0.0,0.0,0.0,4.0,3.0,2.0,0.0,0.0,0.0,0.0,0.0,0.0,0.0,0.0,0.0,0.0
Tom Louchet,FRA,"DF,MT",Nice,21.0,2003,18.0,7.0,711.0,7.9,1.0,0.0,1.0,1.0,0.0,0.0,1.0,0.0,0.8,0.8,1.2,1.9,16.0,30.0,36.0,0.13,0.0,0.13,0.13,0.13,0.1,0.15,0.24,0.1,0.24
Milos Lukovic,SRB,"AT,MT",Strasbourg,19.0,2005,2.0,0.0,12.0,0.1,0.0,0.0,0.0,0.0,0.0,0.0,0.0,0.0,0.0,0.0,0.0,0.0,0.0,0.0,0.0,0.0,0.0,0.0,0.0,0.0,0.0,0.0,0.0,0.0,0.0
Othmane Maamma,MAR,"AT,MT",Montpellier,19.0,2005,9.0,1.0,235.0,2.6,1.0,1.0,2.0,1.0,0.0,0.0,1.0,0.0,0.5,0.5,0.2,0.7,7.0,2.0,17.0,0.38,0.38,0.77,0.38,0.77,0.19,0.07,0.27,0.19,0.27
Deiver Machado,COL,"DF,MT",Lens,31.0,1993,22.0,15.0,1453.0,16.1,1.0,3.0,4.0,1.0,0.0,0.0,5.0,2.0,1.8,1.8,1.5,3.3,34.0,37.0,65.0,0.06,0.19,0.25,0.06,0.25,0.11,0.09,0.21,0.11,0.21
Yvann Macon,FRA,DF,Saint-Étienne,26.0,1998,9.0,8.0,609.0,6.8,0.0,0.0,0.0,0.0,0.0,0.0,3.0,0.0,0.3,0.3,0.2,0.5,24.0,40.0,38.0,0.0,0.0,0.0,0.0,0.0,0.04,0.03,0.07,0.04,0.07
Eros Maddy,NED,DF,Auxerre,24.0,2001,1.0,0.0,8.0,0.1,0.0,0.0,0.0,0.0,0.0,0.0,0.0,0.0,0.0,0.0,0.0,0.0,1.0,0.0,4.0,0.0,0.0,0.0,0.0,0.0,0.0,0.0,0.0,0.0,0.0
Soungoutou Magassa,FRA,MT,Monaco,21.0,2003,16.0,10.0,883.0,9.8,0.0,1.0,1.0,0.0,0.0,0.0,5.0,0.0,0.5,0.5,0.8,1.3,6.0,55.0,10.0,0.0,0.1,0.1,0.0,0.1,0.05,0.08,0.13,0.05,0.13
Hugo Magnetti,FRA,MT,Brest,26.0,1998,25.0,21.0,1831.0,20.3,1.0,0.0,1.0,1.0,0.0,0.0,4.0,0.0,0.7,0.7,0.4,1.1,12.0,65.0,17.0,0.05,0.0,0.05,0.05,0.05,0.03,0.02,0.06,0.03,0.06
Frank Magri,CMR,AT,Toulouse,25.0,1999,24.0,10.0,939.0,10.4,4.0,0.0,4.0,4.0,0.0,0.0,4.0,1.0,4.2,4.2,0.4,4.6,13.0,21.0,54.0,0.38,0.0,0.38,0.38,0.38,0.41,0.04,0.44,0.41,0.44
Ainsley Maitland-Niles,ENG,DF,Lyon,27.0,1997,25.0,15.0,1485.0,16.5,1.0,3.0,4.0,1.0,0.0,0.0,0.0,0.0,2.1,2.1,2.8,4.9,21.0,79.0,81.0,0.06,0.18,0.24,0.06,0.24,0.13,0.17,0.3,0.13,0.3
Radosław Majecki,POL,GB,Monaco,25.0,1999,15.0,15.0,1350.0,15.0,0.0,0.0,0.0,0.0,0.0,0.0,1.0,0.0,0.0,0.0,0.0,0.0,0.0,1.0,0.0,0.0,0.0,0.0,0.0,0.0,0.0,0.0,0.0,0.0,0.0
Hamidou Makalou,MLI,AT,Brest,18.0,2006,1.0,0.0,14.0,0.2,0.0,0.0,0.0,0.0,0.0,0.0,0.0,0.0,0.0,0.0,0.0,0.0,0.0,0.0,0.0,0.0,0.0,0.0,0.0,0.0,0.0,0.0,0.0,0.0,0.0
Nikola Maksimović,SRB,DF,Montpellier,33.0,1991,7.0,7.0,581.0,6.5,0.0,0.0,0.0,0.0,0.0,0.0,2.0,0.0,0.0,0.0,0.0,0.1,1.0,11.0,0.0,0.0,0.0,0.0,0.0,0.0,0.0,0.01,0.01,0.0,0.01
Aaron Malouda,FRA,AT,Lille,19.0,2005,1.0,0.0,2.0,0.0,0.0,0.0,0.0,0.0,0.0,0.0,0.0,0.0,0.0,0.0,0.0,0.0,0.0,0.0,0.0,0.0,0.0,0.0,0.0,0.0,0.0,0.0,0.0,0.0,0.0
Hianga Mananga Mbock,FRA,MT,Brest,25.0,1999,1.0,0.0,21.0,0.2,0.0,0.0,0.0,0.0,0.0,0.0,0.0,0.0,0.0,0.0,0.0,0.0,0.0,0.0,0.0,0.0,0.0,0.0,0.0,0.0,0.07,0.0,0.07,0.07,0.07
Steve Mandanda,FRA,GB,Rennes,40.0,1985,17.0,17.0,1485.0,16.5,0.0,0.0,0.0,0.0,0.0,0.0,0.0,0.0,0.0,0.0,0.1,0.1,0.0,0.0,1.0,0.0,0.0,0.0,0.0,0.0,0.0,0.01,0.01,0.0,0.01
Aïssa Mandi,ALG,DF,Lille,33.0,1991,20.0,17.0,1451.0,16.1,0.0,0.0,0.0,0.0,0.0,0.0,3.0,0.0,0.3,0.3,0.4,0.8,10.0,73.0,17.0,0.0,0.0,0.0,0.0,0.0,0.02,0.03,0.05,0.02,0.05
Orel Mangala,BEL,MT,Lyon,27.0,1998,1.0,1.0,67.0,0.7,0.0,0.0,0.0,0.0,0.0,0.0,0.0,0.0,0.1,0.1,0.0,0.1,1.0,7.0,3.0,0.0,0.0,0.0,0.0,0.0,0.07,0.03,0.1,0.07,0.1
Sekou Mara,FRA,"AT,MT",Strasbourg,22.0,2002,22.0,6.0,642.0,7.1,1.0,1.0,2.0,1.0,0.0,0.0,2.0,0.0,1.1,1.1,1.0,2.0,6.0,10.0,39.0,0.14,0.14,0.28,0.14,0.28,0.15,0.14,0.28,0.15,0.28
Marquinhos,BRA,DF,Paris S-G,30.0,1994,18.0,15.0,1404.0,15.6,1.0,0.0,1.0,1.0,0.0,0.0,3.0,0.0,0.8,0.8,0.7,1.5,21.0,114.0,3.0,0.06,0.0,0.06,0.06,0.06,0.05,0.05,0.1,0.05,0.1
Ange Martial Tia,MLI,MT,Reims,18.0,2006,1.0,0.0,1.0,0.0,0.0,0.0,0.0,0.0,0.0,0.0,0.0,0.0,0.0,0.0,0.0,0.0,0.0,0.0,0.0,0.0,0.0,0.0,0.0,0.0,0.0,0.0,0.0,0.0,0.0
Jonas Martin,FRA,MT,Brest,34.0,1990,13.0,5.0,459.0,5.1,1.0,0.0,1.0,1.0,0.0,0.0,2.0,0.0,0.4,0.4,0.3,0.7,8.0,19.0,7.0,0.2,0.0,0.2,0.2,0.2,0.08,0.07,0.15,0.08,0.15
Han-Noah Massengo,FRA,MT,Auxerre,23.0,2001,11.0,5.0,527.0,5.9,0.0,0.0,0.0,0.0,0.0,0.0,3.0,0.0,0.3,0.3,0.1,0.4,6.0,19.0,1.0,0.0,0.0,0.0,0.0,0.0,0.06,0.02,0.07,0.06,0.07
Clinton Mata,ANG,DF,Lyon,32.0,1992,24.0,23.0,2077.0,23.1,0.0,3.0,3.0,0.0,0.0,0.0,4.0,0.0,0.2,0.2,1.2,1.4,18.0,81.0,23.0,0.0,0.13,0.13,0.0,0.13,0.01,0.05,0.06,0.01,0.06
Eliot Matazo,BEL,MT,Monaco,23.0,2002,3.0,1.0,68.0,0.8,0.0,0.0,0.0,0.0,0.0,0.0,0.0,0.0,0.0,0.0,0.1,0.1,0.0,7.0,3.0,0.0,0.0,0.0,0.0,0.0,0.0,0.08,0.08,0.0,0.08
Nemanja Matić,SRB,MT,Lyon,36.0,1988,23.0,20.0,1627.0,18.1,0.0,1.0,1.0,0.0,0.0,0.0,1.0,0.0,0.0,0.0,1.2,1.2,33.0,126.0,13.0,0.0,0.06,0.06,0.0,0.06,0.0,0.06,0.07,0.0,0.07
Azor Matusiwa,NED,MT,Rennes,26.0,1998,22.0,18.0,1614.0,17.9,0.0,0.0,0.0,0.0,0.0,0.0,3.0,0.0,0.2,0.2,0.8,1.1,11.0,107.0,14.0,0.0,0.0,0.0,0.0,0.0,0.01,0.05,0.06,0.01,0.06
Neal Maupay,FRA,AT,Marseille,28.0,1996,20.0,12.0,979.0,10.9,4.0,4.0,8.0,4.0,0.0,0.0,3.0,1.0,3.7,3.7,2.2,5.9,11.0,34.0,73.0,0.37,0.37,0.74,0.37,0.74,0.34,0.2,0.54,0.34,0.54
Christian Mawissa,FRA,DF,Monaco,19.0,2005,17.0,13.0,1136.0,12.6,0.0,0.0,0.0,0.0,0.0,0.0,3.0,0.0,0.1,0.1,0.0,0.1,10.0,25.0,9.0,0.0,0.0,0.0,0.0,0.0,0.01,0.0,0.01,0.01,0.01
Senny Mayulu,FRA,MT,Paris S-G,18.0,2006,13.0,5.0,472.0,5.2,1.0,0.0,1.0,1.0,0.0,0.0,1.0,0.0,2.1,2.1,0.7,2.8,18.0,24.0,40.0,0.19,0.0,0.19,0.19,0.19,0.4,0.14,0.54,0.4,0.54
Ethan Mbappé,FRA,"MT,AT",Lille,18.0,2006,7.0,1.0,199.0,2.2,0.0,0.0,0.0,0.0,0.0,0.0,2.0,0.0,1.0,1.0,1.5,2.5,5.0,8.0,28.0,0.0,0.0,0.0,0.0,0.0,0.47,0.67,1.14,0.47,1.14
Ibrahim Mbaye,FRA,"AT,MT",Paris S-G,17.0,2008,6.0,1.0,100.0,1.1,1.0,0.0,1.0,1.0,0.0,0.0,0.0,0.0,0.9,0.9,0.0,0.9,4.0,3.0,19.0,0.9,0.0,0.9,0.9,0.9,0.83,0.0,0.83,0.83,0.83
Mark McKenzie,USA,DF,Toulouse,26.0,1999,25.0,24.0,2110.0,23.4,1.0,0.0,1.0,1.0,0.0,0.0,1.0,0.0,1.4,1.4,0.4,1.8,8.0,86.0,3.0,0.04,0.0,0.04,0.04,0.04,0.06,0.02,0.08,0.06,0.08
Facundo Medina,ARG,DF,Lens,25.0,1999,23.0,23.0,2004.0,22.3,0.0,1.0,1.0,0.0,0.0,0.0,10.0,1.0,1.3,1.3,1.6,2.9,40.0,136.0,32.0,0.0,0.04,0.04,0.0,0.04,0.06,0.07,0.13,0.06,0.13
Henrik Meister,DEN,AT,Rennes,21.0,2003,4.0,0.0,63.0,0.7,1.0,0.0,1.0,1.0,0.0,0.0,0.0,0.0,0.1,0.1,0.3,0.3,2.0,1.0,4.0,1.43,0.0,1.43,1.43,1.43,0.09,0.37,0.45,0.09,0.45
Bamo Meïté,CIV,DF,Montpellier,23.0,2001,5.0,5.0,319.0,3.5,0.0,0.0,0.0,0.0,0.0,0.0,2.0,0.0,0.0,0.0,0.0,0.0,0.0,5.0,0.0,0.0,0.0,0.0,0.0,0.0,0.01,0.0,0.01,0.01,0.01
Bamo Meïté,CIV,DF,Marseille,23.0,2001,3.0,0.0,26.0,0.3,0.0,0.0,0.0,0.0,0.0,0.0,0.0,0.0,0.0,0.0,0.0,0.0,0.0,0.0,0.0,0.0,0.0,0.0,0.0,0.0,0.0,0.0,0.0,0.0,0.0
Mohamed Meité,FRA,AT,Rennes,17.0,2007,7.0,3.0,304.0,3.4,0.0,0.0,0.0,0.0,0.0,0.0,0.0,0.0,0.9,0.9,0.1,1.1,4.0,3.0,20.0,0.0,0.0,0.0,0.0,0.0,0.28,0.03,0.31,0.28,0.31
Farid El Melali,ALG,AT,Angers,27.0,1997,25.0,19.0,1641.0,18.2,2.0,2.0,4.0,2.0,0.0,0.0,1.0,0.0,2.5,2.5,2.9,5.4,56.0,32.0,99.0,0.11,0.11,0.22,0.11,0.22,0.14,0.16,0.3,0.14,0.3
Nuno Mendes,POR,DF,Paris S-G,22.0,2002,19.0,16.0,1377.0,15.3,1.0,2.0,3.0,1.0,0.0,0.0,2.0,0.0,2.0,2.0,4.0,5.9,44.0,103.0,86.0,0.07,0.13,0.2,0.07,0.2,0.13,0.26,0.39,0.13,0.39
Antoine Mendy,SEN,DF,Nice,20.0,2004,12.0,5.0,546.0,6.1,0.0,0.0,0.0,0.0,0.0,0.0,1.0,0.0,0.4,0.4,0.1,0.5,9.0,21.0,12.0,0.0,0.0,0.0,0.0,0.0,0.07,0.01,0.09,0.07,0.09
Nampalys Mendy,SEN,MT,Lens,32.0,1992,7.0,4.0,319.0,3.5,0.0,0.0,0.0,0.0,0.0,0.0,0.0,0.0,0.0,0.0,0.0,0.0,0.0,12.0,1.0,0.0,0.0,0.0,0.0,0.0,0.01,0.0,0.01,0.01,0.01
Gideon Mensah,GHA,DF,Auxerre,26.0,1998,22.0,20.0,1780.0,19.8,0.0,1.0,1.0,0.0,0.0,0.0,2.0,0.0,0.2,0.2,2.1,2.3,39.0,73.0,78.0,0.0,0.05,0.05,0.0,0.05,0.01,0.11,0.11,0.01,0.11
Quentin Merlin,FRA,DF,Marseille,22.0,2002,20.0,17.0,1279.0,14.2,1.0,3.0,4.0,1.0,0.0,0.0,1.0,0.0,1.3,1.3,2.7,4.0,33.0,64.0,138.0,0.07,0.21,0.28,0.07,0.28,0.09,0.19,0.28,0.09,0.28
Rafik Messali,FRA,DF,Toulouse,21.0,2003,10.0,4.0,360.0,4.0,0.0,0.0,0.0,0.0,0.0,0.0,0.0,0.0,0.3,0.3,0.7,1.0,12.0,15.0,21.0,0.0,0.0,0.0,0.0,0.0,0.07,0.17,0.24,0.07,0.24
Thomas Meunier,BEL,DF,Lille,33.0,1991,23.0,15.0,1381.0,15.3,1.0,0.0,1.0,1.0,0.0,0.0,3.0,0.0,1.6,1.6,0.6,2.2,42.0,89.0,110.0,0.07,0.0,0.07,0.07,0.07,0.1,0.04,0.14,0.1,0.14
Lucas Michal,FRA,"AT,MT",Monaco,19.0,2005,7.0,0.0,100.0,1.1,0.0,0.0,0.0,0.0,0.0,0.0,0.0,0.0,0.2,0.2,0.9,1.1,3.0,4.0,11.0,0.0,0.0,0.0,0.0,0.0,0.2,0.81,1.02,0.2,1.02
Georges Mikautadze,GEO,AT,Lyon,24.0,2000,27.0,10.0,1116.0,12.4,8.0,4.0,12.0,6.0,2.0,3.0,1.0,0.0,7.9,5.5,3.0,8.4,27.0,45.0,114.0,0.65,0.32,0.97,0.48,0.81,0.64,0.24,0.88,0.44,0.68
Igor Miladinović,SRB,"AT,MT",Saint-Étienne,21.0,2003,3.0,0.0,26.0,0.3,0.0,0.0,0.0,0.0,0.0,0.0,0.0,0.0,0.0,0.0,0.0,0.0,0.0,1.0,1.0,0.0,0.0,0.0,0.0,0.0,0.0,0.0,0.0,0.0,0.0
Takumi Minamino,JPN,"MT,AT",Monaco,30.0,1995,24.0,21.0,1745.0,19.4,4.0,3.0,7.0,4.0,0.0,0.0,3.0,0.0,7.3,7.3,5.7,13.0,37.0,95.0,150.0,0.21,0.15,0.36,0.21,0.36,0.38,0.29,0.67,0.38,0.67
Lucas Mincarelli,FRA,DF,Montpellier,21.0,2004,4.0,3.0,251.0,2.8,0.0,0.0,0.0,0.0,0.0,0.0,0.0,0.0,0.0,0.0,0.2,0.2,6.0,11.0,11.0,0.0,0.0,0.0,0.0,0.0,0.0,0.08,0.08,0.0,0.08
Terem Moffi,NGA,AT,Nice,25.0,1999,1.0,0.0,9.0,0.1,0.0,0.0,0.0,0.0,0.0,0.0,0.0,0.0,0.1,0.1,0.0,0.1,0.0,0.0,2.0,0.0,0.0,0.0,0.0,0.0,0.92,0.0,0.92,0.92,0.92
Mostafa Mohamed,EGY,AT,Nantes,27.0,1997,24.0,9.0,981.0,10.9,4.0,0.0,4.0,4.0,0.0,0.0,2.0,0.0,4.2,4.2,0.2,4.4,9.0,16.0,44.0,0.37,0.0,0.37,0.37,0.37,0.39,0.02,0.4,0.39,0.4
Florent Mollet,FRA,"MT,AT",Nantes,33.0,1991,9.0,3.0,242.0,2.7,0.0,0.0,0.0,0.0,0.0,0.0,1.0,0.0,0.3,0.3,0.3,0.7,3.0,9.0,12.0,0.0,0.0,0.0,0.0,0.0,0.12,0.13,0.24,0.12,0.24
Diego Moreira,POR,"DF,MT",Strasbourg,20.0,2004,26.0,23.0,2103.0,23.4,1.0,6.0,7.0,1.0,0.0,0.0,4.0,0.0,1.9,1.9,6.2,8.1,81.0,68.0,193.0,0.04,0.26,0.3,0.04,0.3,0.08,0.26,0.34,0.08,0.34
Gabriel Moscardo,BRA,MT,Reims,19.0,2005,3.0,0.0,32.0,0.4,0.0,0.0,0.0,0.0,0.0,0.0,0.0,0.0,0.0,0.0,0.0,0.0,0.0,2.0,0.0,0.0,0.0,0.0,0.0,0.0,0.08,0.0,0.08,0.08,0.08
Yael Mouanga,FRA,DF,Montpellier,19.0,2005,8.0,5.0,516.0,5.7,0.0,0.0,0.0,0.0,0.0,0.0,1.0,0.0,0.1,0.1,0.2,0.3,1.0,11.0,2.0,0.0,0.0,0.0,0.0,0.0,0.02,0.03,0.05,0.02,0.05
Aimen Moueffek,FRA,MT,Saint-Étienne,23.0,2001,15.0,7.0,630.0,7.0,0.0,1.0,1.0,0.0,0.0,0.0,1.0,0.0,0.9,0.9,0.6,1.5,10.0,24.0,17.0,0.0,0.14,0.14,0.0,0.14,0.13,0.09,0.22,0.13,0.22
Youssoufa Moukoko,GER,"AT,MT",Nice,20.0,2004,11.0,2.0,204.0,2.3,2.0,1.0,3.0,2.0,0.0,0.0,0.0,0.0,2.2,2.2,0.8,3.0,2.0,6.0,12.0,0.88,0.44,1.32,0.88,1.32,0.96,0.36,1.32,0.96,1.32
Louis Mouton,FRA,MT,Saint-Étienne,22.0,2002,20.0,12.0,975.0,10.8,0.0,1.0,1.0,0.0,0.0,0.0,2.0,0.0,1.2,1.2,1.2,2.4,16.0,46.0,40.0,0.0,0.09,0.09,0.0,0.09,0.11,0.11,0.22,0.11,0.22
Ngal'Ayel Mukau,COD,MT,Lille,20.0,2004,17.0,12.0,1032.0,11.5,0.0,1.0,1.0,0.0,0.0,0.0,4.0,0.0,0.8,0.8,0.5,1.3,17.0,50.0,36.0,0.0,0.09,0.09,0.0,0.09,0.07,0.05,0.11,0.07,0.11
Marshall Munetsi,ZIM,MT,Reims,28.0,1996,19.0,19.0,1692.0,18.8,4.0,2.0,6.0,4.0,0.0,0.0,5.0,0.0,4.0,4.0,2.0,5.9,8.0,26.0,48.0,0.21,0.11,0.32,0.21,0.32,0.21,0.11,0.32,0.21,0.32
Almoatasem Al Musrati,LBY,MT,Monaco,28.0,1996,7.0,3.0,294.0,3.3,0.0,1.0,1.0,0.0,0.0,0.0,0.0,0.0,0.3,0.3,0.3,0.6,1.0,31.0,5.0,0.0,0.31,0.31,0.0,0.31,0.09,0.1,0.2,0.09,0.2
Junior Mwanga,FRA,MT,Le Havre,21.0,2003,5.0,5.0,412.0,4.6,0.0,0.0,0.0,0.0,0.0,0.0,1.0,1.0,0.8,0.8,0.1,0.9,6.0,15.0,3.0,0.0,0.0,0.0,0.0,0.0,0.18,0.03,0.21,0.18,0.21
Junior Mwanga,FRA,MT,Strasbourg,21.0,2003,8.0,2.0,296.0,3.3,0.0,0.0,0.0,0.0,0.0,0.0,0.0,0.0,0.0,0.0,0.0,0.0,2.0,10.0,2.0,0.0,0.0,0.0,0.0,0.0,0.0,0.01,0.01,0.0,0.01
Loïc N'Gatta,FRA,DF,Auxerre,21.0,2003,2.0,0.0,13.0,0.1,0.0,0.0,0.0,0.0,0.0,0.0,1.0,0.0,0.0,0.0,0.0,0.0,2.0,1.0,0.0,0.0,0.0,0.0,0.0,0.0,0.0,0.0,0.0,0.0,0.0
Djylian N'Guessan,FRA,AT,Saint-Étienne,16.0,2008,6.0,2.0,128.0,1.4,0.0,0.0,0.0,0.0,0.0,0.0,0.0,0.0,0.4,0.4,0.1,0.5,1.0,6.0,12.0,0.0,0.0,0.0,0.0,0.0,0.28,0.04,0.32,0.28,0.32
Mickael Nade,FRA,DF,Saint-Étienne,26.0,1999,18.0,17.0,1586.0,17.6,1.0,1.0,2.0,1.0,0.0,0.0,1.0,0.0,0.7,0.7,0.5,1.1,11.0,52.0,2.0,0.06,0.06,0.11,0.06,0.11,0.04,0.03,0.06,0.04,0.06
Bilal Nadir,MAR,MT,Marseille,21.0,2003,13.0,5.0,355.0,3.9,1.0,0.0,1.0,1.0,0.0,0.0,1.0,0.0,0.6,0.6,0.4,1.0,18.0,18.0,25.0,0.25,0.0,0.25,0.25,0.25,0.15,0.11,0.25,0.15,0.25
Mahamadou Nagida,CMR,DF,Rennes,19.0,2005,12.0,4.0,430.0,4.8,2.0,0.0,2.0,2.0,0.0,0.0,1.0,0.0,1.5,1.5,0.3,1.8,22.0,15.0,54.0,0.42,0.0,0.42,0.42,0.42,0.31,0.07,0.38,0.31,0.38
Keito Nakamura,JPN,AT,Reims,24.0,2000,26.0,25.0,2122.0,23.6,9.0,2.0,11.0,9.0,0.0,0.0,3.0,0.0,6.7,6.7,2.1,8.8,67.0,66.0,151.0,0.38,0.08,0.47,0.38,0.47,0.28,0.09,0.37,0.28,0.37
Sebastian Nanasi,SWE,"AT,MT",Strasbourg,22.0,2002,25.0,23.0,1838.0,20.4,5.0,3.0,8.0,5.0,0.0,0.0,0.0,0.0,5.4,5.4,3.2,8.6,50.0,111.0,107.0,0.24,0.15,0.39,0.24,0.39,0.27,0.16,0.42,0.27,0.42
Yael Nandjou,FRA,DF,Nice,19.0,2005,3.0,2.0,154.0,1.7,0.0,0.0,0.0,0.0,0.0,0.0,0.0,0.0,0.2,0.2,0.7,1.0,2.0,3.0,9.0,0.0,0.0,0.0,0.0,0.0,0.13,0.44,0.57,0.13,0.57
Youssouf Ndayishimiye,BDI,DF,Nice,26.0,1998,19.0,18.0,1572.0,17.5,1.0,0.0,1.0,1.0,0.0,0.0,5.0,0.0,0.4,0.4,0.1,0.6,10.0,50.0,7.0,0.06,0.0,0.06,0.06,0.06,0.03,0.01,0.03,0.03,0.03
Junior Ndiaye,FRA,AT,Montpellier,20.0,2005,9.0,0.0,112.0,1.2,0.0,0.0,0.0,0.0,0.0,0.0,0.0,0.0,0.3,0.3,0.0,0.3,1.0,1.0,7.0,0.0,0.0,0.0,0.0,0.0,0.21,0.0,0.21,0.21,0.21
Rassoul Ndiaye,SEN,MT,Le Havre,23.0,2001,22.0,11.0,1019.0,11.3,1.0,0.0,1.0,1.0,0.0,0.0,2.0,0.0,1.6,1.6,0.5,2.1,5.0,42.0,26.0,0.09,0.0,0.09,0.09,0.09,0.14,0.04,0.19,0.14,0.19
Wilfried Ndollo,CMR,DF,Montpellier,19.0,2005,1.0,0.0,6.0,0.1,0.0,0.0,0.0,0.0,0.0,0.0,0.0,0.0,0.0,0.0,0.0,0.0,1.0,0.0,0.0,0.0,0.0,0.0,0.0,0.0,0.0,0.0,0.0,0.0,0.0
Tanguy Ndombele,FRA,MT,Nice,28.0,1996,18.0,12.0,1131.0,12.6,1.0,2.0,3.0,1.0,0.0,0.0,2.0,0.0,2.4,2.4,2.4,4.8,22.0,61.0,36.0,0.08,0.16,0.24,0.08,0.24,0.19,0.19,0.38,0.19,0.38
Loïc Nego,HUN,"DF,AT",Le Havre,34.0,1991,24.0,21.0,1831.0,20.3,0.0,0.0,0.0,0.0,0.0,0.0,3.0,0.0,0.6,0.6,0.4,1.1,49.0,72.0,107.0,0.0,0.0,0.0,0.0,0.0,0.03,0.02,0.05,0.03,0.05
João Neves,POR,"MT,DF",Paris S-G,20.0,2004,23.0,18.0,1534.0,17.0,3.0,8.0,11.0,3.0,0.0,0.0,0.0,0.0,2.7,2.7,3.9,6.6,29.0,125.0,59.0,0.18,0.47,0.65,0.18,0.65,0.16,0.23,0.39,0.16,0.39
Mikayil Ngor Faye,SEN,DF,Rennes,20.0,2004,11.0,7.0,688.0,7.6,0.0,0.0,0.0,0.0,0.0,0.0,1.0,1.0,0.4,0.4,0.0,0.4,12.0,35.0,4.0,0.0,0.0,0.0,0.0,0.0,0.05,0.0,0.05,0.05,0.05
Steve Ngoura,FRA,AT,Le Havre,20.0,2005,8.0,2.0,289.0,3.2,0.0,0.0,0.0,0.0,0.0,0.0,0.0,0.0,1.3,1.3,0.4,1.7,3.0,8.0,19.0,0.0,0.0,0.0,0.0,0.0,0.4,0.14,0.54,0.4,0.54
Bernard Nguene,CMR,AT,Nice,18.0,2006,1.0,0.0,13.0,0.1,0.0,0.0,0.0,0.0,0.0,0.0,0.0,0.0,0.0,0.0,0.0,0.0,0.0,0.0,1.0,0.0,0.0,0.0,0.0,0.0,0.0,0.0,0.0,0.0,0.0
Moussa Niakhate,SEN,DF,Lyon,29.0,1996,24.0,23.0,2096.0,23.3,0.0,0.0,0.0,0.0,0.0,0.0,0.0,0.0,0.1,0.1,0.3,0.4,25.0,80.0,3.0,0.0,0.0,0.0,0.0,0.0,0.0,0.01,0.02,0.0,0.02
Abdoulaye Niakhate Ndiaye,SEN,DF,Brest,22.0,2002,16.0,13.0,1213.0,13.5,1.0,0.0,1.0,1.0,0.0,0.0,3.0,0.0,0.8,0.8,0.0,0.8,5.0,32.0,3.0,0.07,0.0,0.07,0.07,0.07,0.06,0.0,0.06,0.06,0.06
Ibrahima Niane,SEN,AT,Angers,26.0,1999,21.0,8.0,886.0,9.8,3.0,1.0,4.0,2.0,1.0,1.0,0.0,0.0,5.7,4.9,1.0,6.0,18.0,8.0,46.0,0.3,0.1,0.41,0.2,0.3,0.58,0.1,0.68,0.5,0.6
Rasmus Nicolaisen,DEN,DF,Toulouse,28.0,1997,7.0,7.0,623.0,6.9,0.0,1.0,1.0,0.0,0.0,0.0,0.0,0.0,0.4,0.4,0.2,0.7,3.0,27.0,2.0,0.0,0.14,0.14,0.0,0.14,0.06,0.03,0.1,0.06,0.1
Arnaud Nordin,FRA,AT,Montpellier,26.0,1998,16.0,14.0,1166.0,13.0,4.0,1.0,5.0,3.0,1.0,2.0,2.0,0.0,4.1,2.5,0.9,3.4,51.0,23.0,111.0,0.31,0.08,0.39,0.23,0.31,0.32,0.07,0.39,0.19,0.26
Plamedi Nsingi,,MT,Nantes,24.0,2000,1.0,0.0,16.0,0.2,0.0,0.0,0.0,0.0,0.0,0.0,0.0,0.0,0.2,0.2,0.0,0.2,0.0,0.0,0.0,0.0,0.0,0.0,0.0,0.0,1.21,0.0,1.21,1.21,1.21
Ernest Nuamah,GHA,"AT,MT",Lyon,21.0,2003,22.0,12.0,1046.0,11.6,3.0,1.0,4.0,3.0,0.0,0.0,2.0,0.0,2.2,2.2,1.5,3.7,44.0,33.0,131.0,0.26,0.09,0.34,0.26,0.34,0.19,0.13,0.32,0.19,0.32
Rabby Nzingoula,CGO,MT,Montpellier,19.0,2005,21.0,15.0,1276.0,14.2,1.0,0.0,1.0,1.0,0.0,0.0,9.0,0.0,0.8,0.8,1.5,2.3,17.0,32.0,35.0,0.07,0.0,0.07,0.07,0.07,0.06,0.11,0.16,0.06,0.16
M'Bala Nzola,ANG,AT,Lens,28.0,1996,20.0,16.0,1446.0,16.1,6.0,1.0,7.0,6.0,0.0,0.0,3.0,1.0,8.6,8.6,1.3,9.9,26.0,22.0,117.0,0.37,0.06,0.44,0.37,0.44,0.54,0.08,0.62,0.54,0.62
Marwann Nzuzi,FRA,DF,Saint-Étienne,20.0,2004,2.0,2.0,125.0,1.4,0.0,0.0,0.0,0.0,0.0,0.0,2.0,0.0,0.0,0.0,0.1,0.1,2.0,2.0,5.0,0.0,0.0,0.0,0.0,0.0,0.02,0.05,0.08,0.02,0.08
Hamzat Ojediran,NGA,"MT,AT",Lens,21.0,2003,14.0,1.0,376.0,4.2,1.0,0.0,1.0,1.0,0.0,0.0,4.0,0.0,0.5,0.5,0.4,0.9,2.0,19.0,1.0,0.24,0.0,0.24,0.24,0.24,0.11,0.1,0.22,0.11,0.22
Joseph Okumu,KEN,DF,Reims,27.0,1997,17.0,15.0,1371.0,15.2,1.0,0.0,1.0,1.0,0.0,0.0,4.0,1.0,1.0,1.0,0.0,1.1,17.0,97.0,1.0,0.07,0.0,0.07,0.07,0.07,0.07,0.0,0.07,0.07,0.07
Kazeem Olaigbe,BEL,"MT,AT",Rennes,22.0,2003,5.0,1.0,113.0,1.3,0.0,1.0,1.0,0.0,0.0,0.0,0.0,0.0,0.3,0.3,0.4,0.7,8.0,8.0,11.0,0.0,0.8,0.8,0.0,0.8,0.24,0.3,0.54,0.24,0.54
Ben Old,NZL,"MT,AT",Saint-Étienne,22.0,2002,7.0,4.0,404.0,4.5,0.0,0.0,0.0,0.0,0.0,0.0,0.0,0.0,0.9,0.9,0.7,1.6,10.0,8.0,24.0,0.0,0.0,0.0,0.0,0.0,0.21,0.15,0.36,0.21,0.36
Warmed Omari,COM,DF,Lyon,24.0,2000,1.0,0.0,8.0,0.1,0.0,0.0,0.0,0.0,0.0,0.0,0.0,0.0,0.0,0.0,0.0,0.0,0.0,0.0,0.0,0.0,0.0,0.0,0.0,0.0,0.0,0.0,0.0,0.0,0.0
Becir Omeragic,SUI,"DF,MT",Montpellier,23.0,2002,16.0,15.0,1259.0,14.0,0.0,0.0,0.0,0.0,0.0,0.0,1.0,0.0,0.3,0.3,0.1,0.4,16.0,42.0,3.0,0.0,0.0,0.0,0.0,0.0,0.02,0.01,0.03,0.02,0.03
Andrew Omobamidele,IRL,DF,Strasbourg,22.0,2002,4.0,3.0,241.0,2.7,0.0,0.0,0.0,0.0,0.0,0.0,0.0,0.0,0.0,0.0,0.0,0.0,0.0,4.0,0.0,0.0,0.0,0.0,0.0,0.0,0.0,0.0,0.0,0.0,0.0
Ado Onaiwu,JPN,"MT,AT",Auxerre,29.0,1995,24.0,5.0,643.0,7.1,2.0,1.0,3.0,2.0,0.0,0.0,0.0,1.0,3.4,3.4,0.7,4.1,11.0,20.0,59.0,0.28,0.14,0.42,0.28,0.42,0.47,0.1,0.57,0.47,0.57
Christopher Operi,CIV,"DF,AT",Le Havre,27.0,1997,13.0,13.0,1169.0,13.0,0.0,2.0,2.0,0.0,0.0,0.0,2.0,1.0,0.3,0.3,2.2,2.5,28.0,52.0,65.0,0.0,0.15,0.15,0.0,0.15,0.02,0.17,0.19,0.02,0.19
Fredrik Oppegard,NOR,DF,Auxerre,22.0,2002,5.0,1.0,135.0,1.5,0.0,0.0,0.0,0.0,0.0,0.0,0.0,0.0,0.1,0.1,0.1,0.2,3.0,5.0,5.0,0.0,0.0,0.0,0.0,0.0,0.08,0.06,0.14,0.08,0.14
Victor Orakpo,NGA,AT,Nice,18.0,2006,4.0,0.0,36.0,0.4,0.0,0.0,0.0,0.0,0.0,0.0,0.0,0.0,0.3,0.3,0.0,0.3,2.0,1.0,4.0,0.0,0.0,0.0,0.0,0.0,0.81,0.0,0.81,0.81,0.81
Ike Orazi,IRL,MT,Reims,17.0,2007,1.0,0.0,3.0,0.0,0.0,0.0,0.0,0.0,0.0,0.0,0.0,0.0,0.0,0.0,0.0,0.0,1.0,0.0,1.0,0.0,0.0,0.0,0.0,0.0,0.0,0.0,0.0,0.0,0.0
Gift Orban,NGA,"AT,DF",Lyon,22.0,2002,3.0,2.0,186.0,2.1,2.0,0.0,2.0,2.0,0.0,0.0,1.0,0.0,1.2,1.2,0.0,1.2,1.0,2.0,12.0,0.97,0.0,0.97,0.97,0.97,0.59,0.01,0.6,0.59,0.6
Gabriel Osho,NGA,DF,Auxerre,26.0,1998,19.0,19.0,1564.0,17.4,1.0,0.0,1.0,1.0,0.0,0.0,1.0,1.0,1.0,1.0,0.1,1.1,12.0,43.0,2.0,0.06,0.0,0.06,0.06,0.06,0.06,0.01,0.06,0.06,0.06
Jibril Othman,TUN,AT,Saint-Étienne,20.0,2004,1.0,0.0,5.0,0.1,0.0,0.0,0.0,0.0,0.0,0.0,0.0,0.0,0.0,0.0,0.0,0.0,0.0,0.0,0.0,0.0,0.0,0.0,0.0,0.0,0.0,0.0,0.0,0.0,0.0
Guimissongui Ouattara,FRA,"AT,DF",Strasbourg,19.0,2005,12.0,3.0,382.0,4.2,1.0,1.0,2.0,1.0,0.0,0.0,1.0,0.0,0.3,0.3,0.5,0.8,6.0,16.0,14.0,0.24,0.24,0.47,0.24,0.47,0.07,0.12,0.19,0.07,0.19
Kassoum Ouattara,FRA,"DF,AT",Monaco,20.0,2004,12.0,5.0,391.0,4.3,0.0,1.0,1.0,0.0,0.0,0.0,2.0,0.0,0.2,0.2,1.2,1.4,15.0,16.0,35.0,0.0,0.23,0.23,0.0,0.23,0.04,0.28,0.31,0.04,0.31
Zinédine Ould Khaled,FRA,MT,Angers,25.0,2000,3.0,1.0,77.0,0.9,0.0,0.0,0.0,0.0,0.0,0.0,1.0,0.0,0.0,0.0,0.0,0.0,0.0,3.0,5.0,0.0,0.0,0.0,0.0,0.0,0.0,0.0,0.0,0.0,0.0
Beres Owusu,FRA,DF,Saint-Étienne,21.0,2003,1.0,1.0,90.0,1.0,0.0,0.0,0.0,0.0,0.0,0.0,0.0,0.0,0.0,0.0,0.0,0.0,0.0,3.0,0.0,0.0,0.0,0.0,0.0,0.0,0.0,0.03,0.03,0.0,0.03
Elisha Owusu,GHA,MT,Auxerre,27.0,1997,26.0,26.0,2183.0,24.3,1.0,3.0,4.0,1.0,0.0,0.0,7.0,0.0,0.3,0.3,1.0,1.3,8.0,74.0,31.0,0.04,0.12,0.16,0.04,0.16,0.01,0.04,0.05,0.01,0.05
Willian Pacho,ECU,DF,Paris S-G,23.0,2001,24.0,20.0,1861.0,20.7,0.0,1.0,1.0,0.0,0.0,0.0,2.0,0.0,0.2,0.2,0.2,0.4,3.0,43.0,1.0,0.0,0.05,0.05,0.0,0.05,0.01,0.01,0.02,0.01,0.02
Nicolas Pallois,FRA,DF,Nantes,37.0,1987,21.0,18.0,1636.0,18.2,0.0,2.0,2.0,0.0,0.0,0.0,8.0,0.0,0.4,0.4,0.4,0.9,5.0,41.0,5.0,0.0,0.11,0.11,0.0,0.11,0.02,0.02,0.05,0.02,0.05
Nicolas Pays,FRA,"AT,MT",Montpellier,21.0,2003,6.0,1.0,191.0,2.1,0.0,0.0,0.0,0.0,0.0,0.0,0.0,0.0,1.0,1.0,0.1,1.0,9.0,7.0,21.0,0.0,0.0,0.0,0.0,0.0,0.45,0.04,0.49,0.45,0.49
Kévin Pedro,FRA,DF,Saint-Étienne,19.0,2006,1.0,0.0,10.0,0.1,0.0,0.0,0.0,0.0,0.0,0.0,0.0,0.0,0.0,0.0,0.0,0.0,2.0,0.0,1.0,0.0,0.0,0.0,0.0,0.0,0.0,0.0,0.0,0.0,0.0
Théo Pellenard,FRA,DF,Auxerre,31.0,1994,2.0,0.0,45.0,0.5,0.0,0.0,0.0,0.0,0.0,0.0,0.0,0.0,0.0,0.0,0.0,0.0,1.0,1.0,1.0,0.0,0.0,0.0,0.0,0.0,0.0,0.0,0.0,0.0,0.0
Timothee Pembele,FRA,DF,Le Havre,22.0,2002,14.0,10.0,877.0,9.7,1.0,0.0,1.0,1.0,0.0,0.0,2.0,0.0,1.0,1.0,0.1,1.1,22.0,29.0,37.0,0.1,0.0,0.1,0.1,0.1,0.1,0.01,0.11,0.1,0.11
Faris Pemi Moumbagna,CMR,AT,Marseille,24.0,2000,1.0,0.0,8.0,0.1,0.0,0.0,0.0,0.0,0.0,0.0,0.0,0.0,0.0,0.0,0.0,0.0,0.0,0.0,0.0,0.0,0.0,0.0,0.0,0.0,0.0,0.0,0.0,0.0,0.0
Óscar Perea,COL,MT,Strasbourg,19.0,2005,1.0,0.0,7.0,0.1,0.0,0.0,0.0,0.0,0.0,0.0,0.0,0.0,0.0,0.0,0.0,0.0,1.0,1.0,2.0,0.0,0.0,0.0,0.0,0.0,0.0,0.0,0.0,0.0,0.0
Mathias Pereira Lage,POR,"AT,MT",Brest,28.0,1996,22.0,11.0,1012.0,11.2,2.0,4.0,6.0,2.0,0.0,0.0,3.0,0.0,2.1,2.1,2.2,4.3,16.0,23.0,65.0,0.18,0.36,0.53,0.18,0.53,0.19,0.19,0.38,0.19,0.38
Lucas Perri,BRA,GB,Lyon,27.0,1997,27.0,27.0,2430.0,27.0,0.0,0.0,0.0,0.0,0.0,0.0,1.0,0.0,0.0,0.0,0.0,0.0,0.0,0.0,0.0,0.0,0.0,0.0,0.0,0.0,0.0,0.0,0.0,0.0,0.0
Gaëtan Perrin,FRA,"MT,AT",Auxerre,28.0,1996,27.0,24.0,2074.0,23.0,8.0,7.0,15.0,8.0,0.0,0.0,1.0,0.0,4.5,4.5,6.5,11.0,59.0,104.0,99.0,0.35,0.3,0.65,0.35,0.65,0.2,0.28,0.48,0.2,0.48
Léo Pétrot,FRA,DF,Saint-Étienne,27.0,1997,23.0,21.0,1918.0,21.3,0.0,1.0,1.0,0.0,0.0,0.0,3.0,0.0,0.5,0.5,0.5,1.0,20.0,62.0,69.0,0.0,0.05,0.05,0.0,0.05,0.02,0.02,0.05,0.02,0.05
Đorđe Petrović,SRB,GB,Strasbourg,25.0,1999,24.0,24.0,2160.0,24.0,0.0,0.0,0.0,0.0,0.0,0.0,2.0,0.0,0.0,0.0,0.0,0.0,1.0,1.0,0.0,0.0,0.0,0.0,0.0,0.0,0.0,0.0,0.0,0.0,0.0
Tom Pouilly,FRA,DF,Lens,21.0,2003,4.0,0.0,64.0,0.7,0.0,0.0,0.0,0.0,0.0,0.0,1.0,0.0,0.3,0.3,0.1,0.5,4.0,3.0,9.0,0.0,0.0,0.0,0.0,0.0,0.48,0.19,0.67,0.48,0.67
Adrien Rabiot,FRA,MT,Marseille,29.0,1995,22.0,20.0,1855.0,20.6,5.0,2.0,7.0,5.0,0.0,0.0,3.0,0.0,4.3,4.3,2.3,6.6,65.0,126.0,128.0,0.24,0.1,0.34,0.24,0.34,0.21,0.11,0.32,0.21,0.32
Gonçalo Ramos,POR,AT,Paris S-G,23.0,2001,15.0,8.0,666.0,7.4,6.0,2.0,8.0,5.0,1.0,1.0,0.0,0.0,8.0,7.3,1.6,8.8,6.0,12.0,39.0,0.81,0.27,1.08,0.68,0.95,1.09,0.21,1.3,0.98,1.19
Lilian Raolisoa,FRA,"DF,AT",Angers,24.0,2000,22.0,8.0,814.0,9.0,0.0,2.0,2.0,0.0,0.0,0.0,0.0,2.0,0.4,0.4,1.4,1.8,19.0,33.0,33.0,0.0,0.22,0.22,0.0,0.22,0.04,0.16,0.2,0.04,0.2
Rayan Raveloson,MAD,"MT,DF",Auxerre,28.0,1997,13.0,7.0,724.0,8.0,1.0,0.0,1.0,1.0,0.0,0.0,3.0,0.0,0.8,0.8,0.2,1.0,5.0,31.0,12.0,0.12,0.0,0.12,0.12,0.12,0.1,0.02,0.12,0.1,0.12
Guillaume Restes,FRA,GB,Toulouse,20.0,2005,22.0,22.0,1913.0,21.3,0.0,0.0,0.0,0.0,0.0,0.0,0.0,0.0,0.0,0.0,0.0,0.0,0.0,0.0,0.0,0.0,0.0,0.0,0.0,0.0,0.0,0.0,0.0,0.0,0.0
Alexsandro Ribeiro,BRA,DF,Lille,25.0,1999,23.0,23.0,2070.0,23.0,0.0,1.0,1.0,0.0,0.0,0.0,8.0,0.0,1.3,1.3,0.3,1.6,23.0,155.0,7.0,0.0,0.04,0.04,0.0,0.04,0.06,0.01,0.07,0.06,0.07
Valentin Rongier,FRA,"MT,DF",Marseille,30.0,1994,19.0,12.0,1117.0,12.4,3.0,1.0,4.0,3.0,0.0,0.0,4.0,0.0,0.9,0.9,1.1,2.0,23.0,74.0,22.0,0.24,0.08,0.32,0.24,0.32,0.08,0.09,0.16,0.08,0.16
Pablo Rosario,NED,"MT,DF",Nice,28.0,1997,23.0,16.0,1375.0,15.3,2.0,1.0,3.0,1.0,1.0,1.0,3.0,1.0,3.1,2.3,0.5,2.8,11.0,59.0,16.0,0.13,0.07,0.2,0.07,0.13,0.2,0.03,0.23,0.15,0.18
Anthony Rouault,FRA,DF,Rennes,23.0,2001,4.0,4.0,342.0,3.8,0.0,0.0,0.0,0.0,0.0,0.0,1.0,0.0,0.1,0.1,0.0,0.1,2.0,15.0,0.0,0.0,0.0,0.0,0.0,0.0,0.02,0.0,0.02,0.02,0.02
Jon Rowe,ENG,"AT,MT",Marseille,21.0,2003,21.0,3.0,531.0,5.9,2.0,2.0,4.0,2.0,0.0,0.0,2.0,0.0,2.9,2.9,3.9,6.8,23.0,24.0,72.0,0.34,0.34,0.68,0.34,0.68,0.49,0.66,1.15,0.49,1.15
Fabián Ruiz Peña,ESP,MT,Paris S-G,28.0,1996,25.0,17.0,1606.0,17.8,3.0,4.0,7.0,3.0,0.0,0.0,0.0,0.0,3.7,3.7,4.1,7.8,39.0,161.0,66.0,0.17,0.22,0.39,0.17,0.39,0.21,0.23,0.44,0.21,0.44
Gerónimo Rulli,ARG,GB,Marseille,32.0,1992,27.0,27.0,2430.0,27.0,0.0,0.0,0.0,0.0,0.0,0.0,1.0,0.0,0.0,0.0,0.0,0.0,0.0,1.0,0.0,0.0,0.0,0.0,0.0,0.0,0.0,0.0,0.0,0.0,0.0
Mathew Ryan,AUS,GB,Lens,32.0,1992,7.0,7.0,630.0,7.0,0.0,0.0,0.0,0.0,0.0,0.0,0.0,0.0,0.0,0.0,0.0,0.0,0.0,0.0,0.0,0.0,0.0,0.0,0.0,0.0,0.0,0.0,0.0,0.0,0.0
Emmanuel Sabbi,USA,"AT,MT",Le Havre,27.0,1997,15.0,7.0,653.0,7.3,0.0,0.0,0.0,0.0,0.0,0.0,1.0,0.0,1.9,1.9,0.6,2.5,11.0,15.0,39.0,0.0,0.0,0.0,0.0,0.0,0.27,0.08,0.35,0.27,0.35
Falaye Sacko,MLI,DF,Montpellier,29.0,1995,13.0,12.0,1043.0,11.6,0.0,1.0,1.0,0.0,0.0,0.0,1.0,0.0,0.0,0.0,0.2,0.2,17.0,51.0,30.0,0.0,0.09,0.09,0.0,0.09,0.0,0.01,0.01,0.0,0.01
Matvei Safonov,RUS,GB,Paris S-G,26.0,1999,8.0,7.0,699.0,7.8,0.0,0.0,0.0,0.0,0.0,0.0,0.0,0.0,0.0,0.0,0.0,0.0,0.0,0.0,0.0,0.0,0.0,0.0,0.0,0.0,0.0,0.0,0.0,0.0,0.0
Modibo Sagnan,MLI,DF,Montpellier,25.0,1999,23.0,21.0,1870.0,20.8,2.0,0.0,2.0,2.0,0.0,0.0,9.0,0.0,0.7,0.7,0.6,1.3,13.0,45.0,2.0,0.1,0.0,0.1,0.1,0.1,0.04,0.03,0.06,0.04,0.06
Osame Sahraoui,MAR,"AT,MT",Lille,23.0,2001,23.0,10.0,1142.0,12.7,3.0,3.0,6.0,3.0,0.0,0.0,1.0,0.0,2.8,2.8,3.1,5.9,63.0,80.0,146.0,0.24,0.24,0.47,0.24,0.47,0.22,0.24,0.47,0.22,0.47
Wesley Saïd,FRA,AT,Lens,29.0,1995,18.0,10.0,779.0,8.7,2.0,0.0,2.0,2.0,0.0,0.0,3.0,0.0,3.0,3.0,0.8,3.7,13.0,18.0,40.0,0.23,0.0,0.23,0.23,0.23,0.34,0.09,0.43,0.34,0.43
Théo Sainte-Luce,FRA,DF,Montpellier,26.0,1998,11.0,6.0,646.0,7.2,1.0,0.0,1.0,1.0,0.0,0.0,3.0,0.0,0.9,0.9,0.6,1.5,11.0,14.0,22.0,0.14,0.0,0.14,0.14,0.14,0.13,0.08,0.21,0.13,0.21
Ibrahim Salah,MAR,AT,Brest,23.0,2001,12.0,4.0,358.0,4.0,1.0,1.0,2.0,1.0,0.0,0.0,0.0,0.0,0.6,0.6,0.6,1.1,15.0,7.0,40.0,0.25,0.25,0.5,0.25,0.5,0.15,0.14,0.29,0.15,0.29
Amine Salama,FRA,AT,Reims,24.0,2000,17.0,2.0,373.0,4.1,0.0,0.0,0.0,0.0,0.0,0.0,0.0,0.0,0.7,0.7,0.3,1.0,12.0,9.0,28.0,0.0,0.0,0.0,0.0,0.0,0.17,0.08,0.25,0.17,0.25
Mohammed Salisu,GHA,DF,Monaco,25.0,1999,14.0,11.0,1021.0,11.3,1.0,0.0,1.0,1.0,0.0,0.0,2.0,0.0,0.8,0.8,0.1,0.8,8.0,68.0,3.0,0.09,0.0,0.09,0.09,0.09,0.07,0.0,0.07,0.07,0.07
Yoann Salmier,GUF,DF,Le Havre,32.0,1992,13.0,9.0,797.0,8.9,0.0,0.0,0.0,0.0,0.0,0.0,3.0,0.0,0.8,0.8,0.2,1.1,7.0,24.0,1.0,0.0,0.0,0.0,0.0,0.0,0.1,0.02,0.12,0.1,0.12
Mama Samba Baldé,GNB,AT,Lyon,29.0,1995,2.0,0.0,33.0,0.4,0.0,0.0,0.0,0.0,0.0,0.0,0.0,0.0,0.1,0.1,0.0,0.1,1.0,1.0,2.0,0.0,0.0,0.0,0.0,0.0,0.31,0.0,0.31,0.31,0.31
Mama Samba Baldé,GNB,AT,Brest,29.0,1995,21.0,12.0,1053.0,11.7,2.0,3.0,5.0,2.0,0.0,0.0,2.0,0.0,2.5,2.5,2.1,4.6,31.0,19.0,92.0,0.17,0.26,0.43,0.17,0.43,0.21,0.18,0.39,0.21,0.39
Brice Samba,FRA,GB,Rennes,30.0,1994,10.0,10.0,900.0,10.0,0.0,0.0,0.0,0.0,0.0,0.0,3.0,0.0,0.0,0.0,0.0,0.0,0.0,0.0,0.0,0.0,0.0,0.0,0.0,0.0,0.0,0.0,0.0,0.0,0.0
Brice Samba,FRA,GB,Lens,30.0,1994,15.0,15.0,1350.0,15.0,0.0,0.0,0.0,0.0,0.0,0.0,1.0,0.0,0.0,0.0,0.0,0.0,0.0,1.0,0.0,0.0,0.0,0.0,0.0,0.0,0.0,0.0,0.0,0.0,0.0
Arouna Sangante,SEN,DF,Le Havre,22.0,2002,11.0,11.0,853.0,9.5,2.0,0.0,2.0,2.0,0.0,0.0,3.0,1.0,0.5,0.5,0.1,0.6,8.0,37.0,1.0,0.21,0.0,0.21,0.21,0.21,0.05,0.01,0.06,0.05,0.06
Nhoa Sangui,FRA,"DF,MT",Reims,19.0,2006,21.0,9.0,949.0,10.5,0.0,1.0,1.0,0.0,0.0,0.0,3.0,0.0,0.1,0.1,0.3,0.4,12.0,35.0,44.0,0.0,0.09,0.09,0.0,0.09,0.01,0.03,0.04,0.01,0.04
Baptiste Santamaria,FRA,MT,Nice,30.0,1995,9.0,9.0,747.0,8.3,0.0,0.0,0.0,0.0,0.0,0.0,1.0,0.0,0.8,0.8,0.9,1.7,6.0,36.0,10.0,0.0,0.0,0.0,0.0,0.0,0.1,0.11,0.21,0.1,0.21
Baptiste Santamaria,FRA,MT,Rennes,30.0,1995,10.0,5.0,482.0,5.4,0.0,1.0,1.0,0.0,0.0,0.0,1.0,0.0,0.1,0.1,0.3,0.4,3.0,28.0,9.0,0.0,0.19,0.19,0.0,0.19,0.02,0.05,0.07,0.02,0.07
Andrey Santos,BRA,MT,Strasbourg,20.0,2004,25.0,25.0,2225.0,24.7,9.0,1.0,10.0,9.0,0.0,0.0,6.0,0.0,3.9,3.9,2.7,6.5,24.0,115.0,21.0,0.36,0.04,0.4,0.36,0.4,0.16,0.11,0.26,0.16,0.26
Tiago Santos,POR,DF,Lille,22.0,2002,7.0,4.0,404.0,4.5,0.0,0.0,0.0,0.0,0.0,0.0,1.0,0.0,0.4,0.4,0.6,1.0,24.0,17.0,43.0,0.0,0.0,0.0,0.0,0.0,0.09,0.13,0.22,0.09,0.22
Malang Sarr,FRA,DF,Lens,26.0,1999,15.0,12.0,1107.0,12.3,0.0,0.0,0.0,0.0,0.0,0.0,0.0,0.0,0.2,0.2,0.1,0.3,3.0,38.0,1.0,0.0,0.0,0.0,0.0,0.0,0.02,0.01,0.03,0.02,0.03
Mamadou Sarr,FRA,DF,Strasbourg,19.0,2005,21.0,21.0,1847.0,20.5,0.0,1.0,1.0,0.0,0.0,0.0,3.0,0.0,0.6,0.6,0.3,0.9,5.0,40.0,1.0,0.0,0.05,0.05,0.0,0.05,0.03,0.01,0.04,0.03,0.04
Martin Satriano,URU,"AT,DF",Lens,24.0,2001,4.0,0.0,41.0,0.5,0.0,0.0,0.0,0.0,0.0,0.0,0.0,0.0,0.3,0.3,0.1,0.5,2.0,1.0,11.0,0.0,0.0,0.0,0.0,0.0,0.71,0.26,0.98,0.71,0.98
Téji Savanier,FRA,MT,Montpellier,33.0,1991,24.0,24.0,2057.0,22.9,2.0,5.0,7.0,0.0,2.0,2.0,3.0,1.0,3.9,2.3,6.4,8.7,25.0,158.0,99.0,0.09,0.22,0.31,0.0,0.22,0.17,0.28,0.45,0.1,0.38
Niklas Schmidt,GER,MT,Toulouse,27.0,1998,9.0,2.0,205.0,2.3,0.0,1.0,1.0,0.0,0.0,0.0,0.0,0.0,0.1,0.1,0.7,0.8,2.0,23.0,1.0,0.0,0.44,0.44,0.0,0.44,0.03,0.31,0.34,0.03,0.34
Jérémy Sebas,MTQ,"AT,MT",Strasbourg,21.0,2003,13.0,1.0,190.0,2.1,0.0,0.0,0.0,0.0,0.0,0.0,0.0,0.0,0.7,0.7,0.0,0.7,6.0,3.0,10.0,0.0,0.0,0.0,0.0,0.0,0.35,0.01,0.35,0.35,0.35
Alidu Seidu,GHA,DF,Rennes,24.0,2000,11.0,10.0,803.0,8.9,0.0,0.0,0.0,0.0,0.0,0.0,4.0,0.0,0.1,0.1,0.3,0.4,23.0,41.0,17.0,0.0,0.0,0.0,0.0,0.0,0.01,0.03,0.05,0.01,0.05
Hiroki Sekine,JPN,DF,Reims,22.0,2002,8.0,4.0,427.0,4.7,0.0,0.0,0.0,0.0,0.0,0.0,1.0,0.0,0.0,0.0,0.0,0.1,13.0,19.0,26.0,0.0,0.0,0.0,0.0,0.0,0.01,0.01,0.01,0.01,0.01
Marvin Senaya,TOG,DF,Strasbourg,24.0,2001,10.0,1.0,227.0,2.5,0.0,0.0,0.0,0.0,0.0,0.0,3.0,0.0,0.0,0.0,0.1,0.1,1.0,5.0,2.0,0.0,0.0,0.0,0.0,0.0,0.01,0.05,0.06,0.01,0.06
Djibril Sidibé,FRA,DF,Toulouse,32.0,1992,21.0,17.0,1506.0,16.7,0.0,2.0,2.0,0.0,0.0,0.0,1.0,0.0,0.3,0.3,2.2,2.5,13.0,91.0,30.0,0.0,0.12,0.12,0.0,0.12,0.02,0.13,0.15,0.02,0.15
Vincent Sierro,SUI,MT,Toulouse,29.0,1995,22.0,20.0,1776.0,19.7,4.0,1.0,5.0,2.0,2.0,2.0,4.0,0.0,3.0,1.5,2.8,4.3,11.0,112.0,20.0,0.2,0.05,0.25,0.1,0.15,0.15,0.14,0.3,0.07,0.22
Caio Henrique Oliveira Silva,BRA,DF,Monaco,27.0,1997,20.0,14.0,1329.0,14.8,0.0,5.0,5.0,0.0,0.0,0.0,2.0,0.0,0.1,0.1,4.5,4.6,41.0,78.0,106.0,0.0,0.34,0.34,0.0,0.34,0.01,0.3,0.31,0.01,0.31
Abdallah Sima,SEN,"AT,MT",Brest,23.0,2001,20.0,10.0,899.0,10.0,4.0,2.0,6.0,4.0,0.0,0.0,2.0,0.0,4.3,4.3,0.9,5.2,31.0,21.0,68.0,0.4,0.2,0.6,0.4,0.6,0.44,0.09,0.52,0.44,0.52
Moses Simon,NGA,"AT,MT",Nantes,29.0,1995,25.0,24.0,2010.0,22.3,7.0,8.0,15.0,4.0,3.0,3.0,2.0,0.0,4.9,2.6,5.9,8.5,120.0,48.0,185.0,0.31,0.36,0.67,0.18,0.54,0.22,0.27,0.48,0.11,0.38
Lassine Sinayoko,MLI,"AT,MT",Auxerre,25.0,1999,27.0,18.0,1696.0,18.8,2.0,4.0,6.0,1.0,1.0,1.0,4.0,0.0,4.8,4.0,3.6,7.6,40.0,48.0,149.0,0.11,0.21,0.32,0.05,0.27,0.25,0.19,0.44,0.21,0.4
Wilfried Singo,CIV,DF,Monaco,24.0,2000,20.0,16.0,1466.0,16.3,1.0,2.0,3.0,1.0,0.0,0.0,3.0,0.0,1.5,1.5,1.5,2.9,28.0,85.0,21.0,0.06,0.12,0.18,0.06,0.18,0.09,0.09,0.18,0.09,0.18
Ayanda Sishuba,BEL,AT,Rennes,20.0,2005,1.0,0.0,3.0,0.0,0.0,0.0,0.0,0.0,0.0,0.0,0.0,0.0,0.0,0.0,0.0,0.0,0.0,0.0,0.0,0.0,0.0,0.0,0.0,0.0,0.0,0.0,0.0,0.0,0.0
Ibrahim Sissoko,MLI,AT,Saint-Étienne,29.0,1995,17.0,8.0,809.0,9.0,3.0,1.0,4.0,2.0,1.0,1.0,1.0,0.0,4.3,3.5,0.6,4.1,13.0,11.0,34.0,0.33,0.11,0.44,0.22,0.33,0.48,0.06,0.54,0.39,0.46
Niama Sissoko,MLI,"AT,MT",Reims,19.0,2005,4.0,0.0,47.0,0.5,0.0,0.0,0.0,0.0,0.0,0.0,0.0,0.0,0.3,0.3,0.0,0.3,1.0,1.0,2.0,0.0,0.0,0.0,0.0,0.0,0.54,0.0,0.54,0.54,0.54
Leo Skiri Østigård,NOR,DF,Rennes,25.0,1999,16.0,14.0,1227.0,13.6,1.0,0.0,1.0,1.0,0.0,0.0,4.0,0.0,0.7,0.7,0.2,0.9,3.0,50.0,1.0,0.07,0.0,0.07,0.07,0.07,0.05,0.02,0.07,0.05,0.07
Milan Škriniar,SVK,DF,Paris S-G,30.0,1995,5.0,4.0,382.0,4.2,0.0,0.0,0.0,0.0,0.0,0.0,1.0,0.0,0.2,0.2,0.1,0.3,3.0,20.0,0.0,0.0,0.0,0.0,0.0,0.0,0.04,0.02,0.06,0.04,0.06
Naatan Skyttä,FIN,AT,Toulouse,22.0,2002,1.0,0.0,5.0,0.1,0.0,0.0,0.0,0.0,0.0,0.0,0.0,0.0,0.0,0.0,0.0,0.0,0.0,0.0,0.0,0.0,0.0,0.0,0.0,0.0,0.0,0.0,0.0,0.0,0.0
Eduard Sobol,UKR,DF,Strasbourg,29.0,1995,9.0,0.0,92.0,1.0,0.0,0.0,0.0,0.0,0.0,0.0,2.0,0.0,0.0,0.0,0.0,0.0,0.0,3.0,2.0,0.0,0.0,0.0,0.0,0.0,0.0,0.0,0.0,0.0,0.0
Florian Sotoca,FRA,"AT,MT",Lens,34.0,1990,25.0,19.0,1567.0,17.4,1.0,1.0,2.0,1.0,0.0,0.0,2.0,0.0,3.6,3.6,1.4,5.0,39.0,90.0,144.0,0.06,0.06,0.11,0.06,0.11,0.21,0.08,0.29,0.21,0.29
Issa Soumaré,SEN,"MT,AT",Le Havre,24.0,2000,22.0,15.0,1347.0,15.0,3.0,3.0,6.0,3.0,0.0,0.0,0.0,0.0,2.6,2.6,2.3,4.8,37.0,31.0,104.0,0.2,0.2,0.4,0.2,0.4,0.17,0.15,0.32,0.17,0.32
Saidou Sow,GUI,DF,Strasbourg,22.0,2002,12.0,11.0,1018.0,11.3,0.0,1.0,1.0,0.0,0.0,0.0,2.0,0.0,0.3,0.3,0.2,0.5,0.0,16.0,2.0,0.0,0.09,0.09,0.0,0.09,0.03,0.01,0.04,0.03,0.04
Saidou Sow,GUI,DF,Nantes,22.0,2002,8.0,8.0,720.0,8.0,1.0,0.0,1.0,1.0,0.0,0.0,0.0,0.0,0.7,0.7,0.4,1.1,2.0,14.0,0.0,0.12,0.0,0.12,0.12,0.12,0.09,0.05,0.14,0.09,0.14
Lucas Stassin,BEL,AT,Saint-Étienne,20.0,2004,23.0,18.0,1450.0,16.1,7.0,4.0,11.0,7.0,0.0,0.0,3.0,0.0,6.2,6.2,2.8,9.0,19.0,26.0,122.0,0.43,0.25,0.68,0.43,0.68,0.38,0.17,0.56,0.38,0.56
Enzo Sternal,FRA,"AT,MT",Marseille,17.0,2007,2.0,0.0,24.0,0.3,0.0,0.0,0.0,0.0,0.0,0.0,1.0,0.0,0.0,0.0,0.0,0.0,0.0,0.0,0.0,0.0,0.0,0.0,0.0,0.0,0.0,0.09,0.09,0.0,0.09
Gabriel Suazo,CHI,DF,Toulouse,27.0,1997,25.0,19.0,1785.0,19.8,0.0,5.0,5.0,0.0,0.0,0.0,0.0,0.0,0.8,0.8,3.2,4.0,38.0,88.0,99.0,0.0,0.25,0.25,0.0,0.25,0.04,0.16,0.2,0.04,0.2
Abakar Sylla,CIV,DF,Strasbourg,22.0,2002,17.0,9.0,831.0,9.2,1.0,0.0,1.0,1.0,0.0,0.0,2.0,1.0,0.4,0.4,0.0,0.4,0.0,18.0,2.0,0.11,0.0,0.11,0.11,0.11,0.05,0.0,0.05,0.05,0.05
Issiaga Sylla,GUI,DF,Montpellier,31.0,1994,16.0,14.0,1002.0,11.1,1.0,0.0,1.0,1.0,0.0,0.0,2.0,0.0,1.7,1.7,0.3,2.0,30.0,49.0,36.0,0.09,0.0,0.09,0.09,0.09,0.16,0.03,0.18,0.16,0.18
Musa Al-Taamari,JOR,"AT,MT",Montpellier,27.0,1997,15.0,12.0,1116.0,12.4,2.0,1.0,3.0,2.0,0.0,0.0,3.0,0.0,2.6,2.6,1.5,4.1,55.0,30.0,76.0,0.16,0.08,0.24,0.16,0.24,0.21,0.12,0.33,0.21,0.33
Musa Al-Taamari,JOR,"MT,AT",Rennes,27.0,1997,5.0,3.0,275.0,3.1,0.0,0.0,0.0,0.0,0.0,0.0,0.0,0.0,1.3,1.3,0.6,2.0,13.0,4.0,13.0,0.0,0.0,0.0,0.0,0.0,0.44,0.21,0.65,0.44,0.65
Nicolás Tagliafico,ARG,DF,Lyon,32.0,1992,18.0,17.0,1451.0,16.1,3.0,1.0,4.0,3.0,0.0,0.0,6.0,0.0,2.6,2.6,0.8,3.4,22.0,77.0,52.0,0.19,0.06,0.25,0.19,0.25,0.16,0.05,0.21,0.16,0.21
Florian Tardieu,FRA,MT,Saint-Étienne,32.0,1992,16.0,6.0,630.0,7.0,0.0,2.0,2.0,0.0,0.0,0.0,0.0,0.0,0.1,0.1,0.6,0.7,9.0,74.0,25.0,0.0,0.29,0.29,0.0,0.29,0.02,0.09,0.1,0.02,0.1
Oussama Targhalline,MAR,MT,Le Havre,22.0,2002,14.0,12.0,990.0,11.0,0.0,0.0,0.0,0.0,0.0,0.0,0.0,0.0,0.1,0.1,0.7,0.9,25.0,66.0,34.0,0.0,0.0,0.0,0.0,0.0,0.01,0.06,0.08,0.01,0.08
Enzo Tchato,CMR,DF,Montpellier,22.0,2002,24.0,18.0,1764.0,19.6,0.0,0.0,0.0,0.0,0.0,0.0,3.0,0.0,0.1,0.1,1.5,1.6,42.0,59.0,86.0,0.0,0.0,0.0,0.0,0.0,0.0,0.08,0.08,0.0,0.08
Tanner Tessmann,USA,MT,Lyon,23.0,2001,18.0,9.0,862.0,9.6,0.0,0.0,0.0,0.0,0.0,0.0,3.0,0.0,0.4,0.4,0.1,0.5,10.0,42.0,18.0,0.0,0.0,0.0,0.0,0.0,0.05,0.01,0.06,0.05,0.06
Teddy Teuma,MLT,MT,Reims,31.0,1993,17.0,9.0,750.0,8.3,1.0,0.0,1.0,0.0,1.0,1.0,1.0,0.0,1.4,0.6,1.1,1.7,9.0,47.0,34.0,0.12,0.0,0.12,0.0,0.0,0.17,0.13,0.3,0.07,0.21
Jordan Teze,NED,DF,Monaco,25.0,1999,12.0,5.0,377.0,4.2,1.0,0.0,1.0,1.0,0.0,0.0,2.0,1.0,1.2,1.2,1.0,2.2,6.0,19.0,34.0,0.24,0.0,0.24,0.24,0.24,0.28,0.23,0.52,0.28,0.52
Sorba Thomas,WAL,"AT,MT",Nantes,25.0,1999,21.0,11.0,1055.0,11.7,1.0,2.0,3.0,1.0,0.0,0.0,2.0,0.0,1.5,1.5,2.6,4.1,36.0,31.0,85.0,0.09,0.17,0.26,0.09,0.26,0.13,0.22,0.35,0.13,0.35
Adrien Thomasson,FRA,MT,Lens,31.0,1993,26.0,24.0,2000.0,22.2,2.0,3.0,5.0,2.0,0.0,0.0,5.0,0.0,3.5,3.5,4.6,8.1,18.0,113.0,96.0,0.09,0.14,0.23,0.09,0.23,0.16,0.21,0.37,0.16,0.37
Corentin Tolisso,FRA,MT,Lyon,30.0,1994,26.0,22.0,1957.0,21.7,6.0,2.0,8.0,6.0,0.0,0.0,3.0,0.0,4.9,4.9,4.5,9.4,18.0,132.0,113.0,0.28,0.09,0.37,0.28,0.37,0.23,0.21,0.43,0.23,0.43
Abdoulaye Touré,GUI,MT,Le Havre,31.0,1994,21.0,19.0,1695.0,18.8,7.0,1.0,8.0,1.0,6.0,7.0,5.0,0.0,7.5,1.8,0.1,1.9,9.0,76.0,19.0,0.37,0.05,0.42,0.05,0.11,0.4,0.01,0.4,0.09,0.1
Birama Touré,MLI,"MT,DF",Montpellier,32.0,1992,8.0,2.0,300.0,3.3,0.0,0.0,0.0,0.0,0.0,0.0,2.0,0.0,0.0,0.0,0.1,0.1,0.0,9.0,2.0,0.0,0.0,0.0,0.0,0.0,0.01,0.03,0.04,0.01,0.04
Ousmane Toure,FRA,DF,Lille,20.0,2005,1.0,0.0,6.0,0.1,0.0,0.0,0.0,0.0,0.0,0.0,0.0,0.0,0.0,0.0,0.0,0.0,0.0,2.0,0.0,0.0,0.0,0.0,0.0,0.0,0.0,0.0,0.0,0.0,0.0
Adrien Truffert,FRA,"DF,MT",Rennes,23.0,2001,26.0,24.0,2122.0,23.6,1.0,0.0,1.0,1.0,0.0,0.0,3.0,0.0,2.1,2.0,1.7,3.7,52.0,86.0,180.0,0.04,0.0,0.04,0.04,0.04,0.09,0.07,0.16,0.09,0.16
Vanderson,BRA,DF,Monaco,23.0,2001,22.0,20.0,1671.0,18.6,1.0,2.0,3.0,1.0,0.0,0.0,6.0,1.0,1.9,1.9,2.5,4.4,46.0,80.0,117.0,0.05,0.11,0.16,0.05,0.16,0.1,0.13,0.24,0.1,0.24
Robinio Vaz,FRA,AT,Marseille,18.0,2007,2.0,0.0,75.0,0.8,0.0,0.0,0.0,0.0,0.0,0.0,1.0,0.0,0.5,0.5,0.0,0.5,3.0,0.0,6.0,0.0,0.0,0.0,0.0,0.0,0.61,0.0,0.61,0.61,0.61
Jordan Veretout,FRA,MT,Lyon,32.0,1993,21.0,16.0,1300.0,14.4,2.0,0.0,2.0,2.0,0.0,0.0,3.0,0.0,1.6,1.6,0.6,2.2,26.0,84.0,50.0,0.14,0.0,0.14,0.14,0.14,0.11,0.04,0.15,0.11,0.15
Ben Viadere,FRA,MT,Auxerre,19.0,2005,1.0,0.0,5.0,0.1,0.0,0.0,0.0,0.0,0.0,0.0,0.0,0.0,0.0,0.0,0.0,0.0,1.0,0.0,1.0,0.0,0.0,0.0,0.0,0.0,0.0,0.85,0.85,0.0,0.85
Vitinha,POR,MT,Paris S-G,25.0,2000,24.0,16.0,1652.0,18.4,4.0,1.0,5.0,2.0,2.0,2.0,1.0,0.0,2.8,1.3,2.0,3.2,42.0,176.0,42.0,0.22,0.05,0.27,0.11,0.16,0.15,0.11,0.26,0.07,0.18
Ibrahima Wadji,SEN,"AT,MT",Saint-Étienne,29.0,1995,5.0,0.0,117.0,1.3,0.0,0.0,0.0,0.0,0.0,0.0,0.0,0.0,0.2,0.2,0.0,0.2,5.0,0.0,9.0,0.0,0.0,0.0,0.0,0.0,0.16,0.01,0.17,0.16,0.17
Elye Wahi,FRA,AT,Marseille,22.0,2003,13.0,7.0,574.0,6.4,3.0,1.0,4.0,2.0,1.0,1.0,1.0,0.0,6.0,5.2,0.4,5.6,7.0,7.0,41.0,0.47,0.16,0.63,0.31,0.47,0.94,0.07,1.0,0.81,0.88
Caleb Wiley,USA,"DF,MT",Strasbourg,20.0,2004,6.0,3.0,266.0,3.0,0.0,1.0,1.0,0.0,0.0,0.0,1.0,0.0,0.0,0.0,0.7,0.7,3.0,7.0,9.0,0.0,0.34,0.34,0.0,0.34,0.01,0.23,0.24,0.01,0.24
Christopher Wooh,CMR,DF,Rennes,23.0,2001,19.0,16.0,1399.0,15.5,0.0,0.0,0.0,0.0,0.0,0.0,5.0,1.0,1.3,1.3,0.0,1.3,13.0,55.0,2.0,0.0,0.0,0.0,0.0,0.0,0.08,0.0,0.09,0.08,0.09
Etienne Youte Kinkoue,FRA,DF,Le Havre,23.0,2002,22.0,21.0,1876.0,20.8,0.0,0.0,0.0,0.0,0.0,0.0,4.0,1.0,1.1,1.1,0.2,1.3,7.0,54.0,4.0,0.0,0.0,0.0,0.0,0.0,0.05,0.01,0.06,0.05,0.06
Eloge Zabi,CIV,"DF,MT",Reims,18.0,2006,2.0,0.0,18.0,0.2,0.0,0.0,0.0,0.0,0.0,0.0,0.0,1.0,0.0,0.0,0.0,0.0,1.0,2.0,1.0,0.0,0.0,0.0,0.0,0.0,0.0,0.0,0.0,0.0,0.0
Yoram Zague,FRA,DF,Paris S-G,18.0,2006,3.0,2.0,160.0,1.8,0.0,0.0,0.0,0.0,0.0,0.0,0.0,0.0,0.1,0.1,0.0,0.1,4.0,8.0,13.0,0.0,0.0,0.0,0.0,0.0,0.03,0.02,0.04,0.03,0.04
Wilfried Zaha,CIV,AT,Lyon,32.0,1992,4.0,1.0,73.0,0.8,0.0,0.0,0.0,0.0,0.0,0.0,0.0,0.0,0.1,0.1,0.0,0.1,1.0,1.0,9.0,0.0,0.0,0.0,0.0,0.0,0.07,0.0,0.07,0.07,0.07
Warren Zaïre-Emery,FRA,"MT,DF",Paris S-G,19.0,2006,22.0,18.0,1568.0,17.4,1.0,1.0,2.0,1.0,0.0,0.0,2.0,0.0,1.4,1.4,0.8,2.2,35.0,93.0,67.0,0.06,0.06,0.11,0.06,0.11,0.08,0.05,0.13,0.08,0.13
Miha Zajc,SVN,MT,Toulouse,30.0,1994,17.0,1.0,245.0,2.7,0.0,0.0,0.0,0.0,0.0,0.0,2.0,0.0,0.2,0.2,0.1,0.3,7.0,24.0,8.0,0.0,0.0,0.0,0.0,0.0,0.08,0.03,0.11,0.08,0.11
Denis Zakaria,SUI,MT,Monaco,28.0,1996,19.0,18.0,1601.0,17.8,3.0,2.0,5.0,3.0,0.0,0.0,5.0,0.0,3.0,3.0,0.8,3.9,20.0,79.0,27.0,0.17,0.11,0.28,0.17,0.28,0.17,0.05,0.22,0.17,0.22
Anass Zaroury,MAR,"AT,MT",Lens,24.0,2000,21.0,12.0,980.0,10.9,0.0,1.0,1.0,0.0,0.0,0.0,2.0,1.0,1.1,1.1,2.1,3.2,32.0,42.0,79.0,0.0,0.09,0.09,0.0,0.09,0.1,0.19,0.29,0.1,0.29
Nathan Zeze,FRA,DF,Nantes,19.0,2005,12.0,12.0,1043.0,11.6,0.0,0.0,0.0,0.0,0.0,0.0,3.0,0.0,0.2,0.2,0.0,0.2,2.0,30.0,0.0,0.0,0.0,0.0,0.0,0.0,0.02,0.0,0.02,0.02,0.02
Edon Zhegrova,KVX,"AT,MT",Lille,26.0,1999,12.0,12.0,978.0,10.9,4.0,1.0,5.0,4.0,0.0,0.0,1.0,0.0,2.3,2.3,2.2,4.5,37.0,54.0,81.0,0.37,0.09,0.46,0.37,0.46,0.21,0.21,0.41,0.21,0.41
Luc Zogbé,CIV,DF,Brest,20.0,2005,13.0,7.0,638.0,7.1,0.0,0.0,0.0,0.0,0.0,0.0,2.0,0.0,0.3,0.3,0.1,0.4,4.0,19.0,19.0,0.0,0.0,0.0,0.0,0.0,0.04,0.02,0.06,0.04,0.06
Aristide Zossou,CIV,MT,Auxerre,19.0,2005,3.0,0.0,16.0,0.2,0.0,0.0,0.0,0.0,0.0,0.0,0.0,0.0,0.0,0.0,0.0,0.0,1.0,2.0,3.0,0.0,0.0,0.0,0.0,0.0,0.0,0.0,0.0,0.0,0.0
Yanis Zouaoui,ALG,"DF,AT",Le Havre,30.0,1994,14.0,9.0,926.0,10.3,0.0,2.0,2.0,0.0,0.0,0.0,2.0,0.0,0.1,0.1,2.7,2.9,32.0,29.0,28.0,0.0,0.19,0.19,0.0,0.19,0.01,0.27,0.28,0.01,0.28
Edhy Zuliani,ITA,DF,Toulouse,20.0,2004,1.0,0.0,9.0,0.1,0.0,0.0,0.0,0.0,0.0,0.0,0.0,0.0,0.0,0.0,0.0,0.0,0.0,0.0,0.0,0.0,0.0,0.0,0.0,0.0,0.0,0.0,0.0,0.0,0.0
